airzone,site,location,instrument,parameter,year,annual metric,annual metric (tfee-adjusted),24-hour metric,24-hour metric (tfee-adjusted),no adjustment,adjusted
Central Interior,Burns Lake Fire Centre,Burns Lake,PM25 SHARP5030,pm25,2013,NA,NA,NA,NA,NA,NA
Central Interior,Burns Lake Fire Centre,Burns Lake,PM25 SHARP5030,pm25,2014,NA,NA,NA,NA,NA,NA
Central Interior,Burns Lake Fire Centre,Burns Lake,PM25 SHARP5030,pm25,2015,7.4,7.4,22,22,orange,orange
Central Interior,Burns Lake Fire Centre,Burns Lake,PM25 SHARP5030,pm25,2016,7.2,7.2,20,20,orange,orange
Central Interior,Burns Lake Fire Centre,Burns Lake,PM25 SHARP5030,pm25,2017,7,6.9,21,19,orange,orange
Central Interior,Burns Lake Fire Centre,Burns Lake,PM25 SHARP5030,pm25,2018,7,6.9,39,19,red,orange
Central Interior,Burns Lake Fire Centre,Burns Lake,PM25 SHARP5030,pm25,2019,7.9,7.8,40,21,red,orange
Central Interior,Burns Lake Fire Centre,Burns Lake,PM25 SHARP5030,pm25,2020,7.9,7.9,38,20,red,orange
Central Interior,Burns Lake Fire Centre,Burns Lake,PM25 SHARP5030,pm25,2021,7.6,7.6,20,20,orange,orange
Central Interior,Burns Lake Fire Centre,Burns Lake,PM25 SHARP5030,pm25,2022,7.1,7.1,19,19,orange,orange
Central Interior,Burns Lake Fire Centre,Burns Lake,PM25 SHARP5030,pm25,2023,8.6,8.5,35,35,red,red
Central Interior,Houston Firehall,Houston,PM25 SHARP5030,pm25,2013,NA,NA,NA,NA,NA,NA
Central Interior,Houston Firehall,Houston,PM25 SHARP5030,pm25,2014,NA,NA,29,29,red,red
Central Interior,Houston Firehall,Houston,PM25 SHARP5030,pm25,2015,NA,NA,30,30,red,red
Central Interior,Houston Firehall,Houston,PM25 SHARP5030,pm25,2016,9.3,9.3,29,29,red,red
Central Interior,Houston Firehall,Houston,PM25 SHARP5030,pm25,2017,9.3,9.1,30,29,red,red
Central Interior,Houston Firehall,Houston,PM25 SHARP5030,pm25,2018,9.1,8.8,29,28,red,orange
Central Interior,Houston Firehall,Houston,PM25 SHARP5030,pm25,2019,10,9.7,31,30,red,red
Central Interior,Houston Firehall,Houston,PM25 SHARP5030,pm25,2020,9.4,9.4,31,31,red,red
Central Interior,Houston Firehall,Houston,PM25 SHARP5030,pm25,2021,8.9,8.9,30,30,red,red
Central Interior,Houston Firehall,Houston,PM25 SHARP5030,pm25,2022,8.3,8.3,29,29,red,red
Central Interior,Houston Firehall,Houston,PM25 SHARP5030,pm25,2023,9.2,9.2,32,32,red,red
Central Interior,Houston Firehall,Houston,PM25_R&P_TEOM,pm25,2013,5.2,5.2,18,18,yellow,yellow
Central Interior,Houston Firehall,Houston,PM25_R&P_TEOM,pm25,2014,5.5,5.5,19,19,yellow,yellow
Central Interior,Houston Firehall,Houston,PM25_R&P_TEOM,pm25,2015,NA,NA,NA,NA,NA,NA
Central Interior,Houston Firehall,Houston,PM25_R&P_TEOM,pm25,2016,NA,NA,NA,NA,NA,NA
Central Interior,Houston Firehall,Houston,PM25_R&P_TEOM,pm25,2017,NA,NA,NA,NA,NA,NA
Central Interior,Houston Firehall,Houston,PM25_R&P_TEOM,pm25,2018,NA,NA,NA,NA,NA,NA
Central Interior,Houston Firehall,Houston,PM25_R&P_TEOM,pm25,2019,NA,NA,NA,NA,NA,NA
Central Interior,Houston Firehall,Houston,PM25_R&P_TEOM,pm25,2020,NA,NA,NA,NA,NA,NA
Central Interior,Houston Firehall,Houston,PM25_R&P_TEOM,pm25,2021,NA,NA,NA,NA,NA,NA
Central Interior,Houston Firehall,Houston,PM25_R&P_TEOM,pm25,2022,NA,NA,NA,NA,NA,NA
Central Interior,Houston Firehall,Houston,PM25_R&P_TEOM,pm25,2023,NA,NA,NA,NA,NA,NA
Central Interior,Prince George Exploration Place Trailer,Prince George-Exploration Place Trailer,PM25_R&P_TEOM,pm25,2013,NA,NA,22,22,orange,orange
Central Interior,Prince George Exploration Place Trailer,Prince George-Exploration Place Trailer,PM25_R&P_TEOM,pm25,2014,NA,NA,NA,NA,NA,NA
Central Interior,Prince George Exploration Place Trailer,Prince George-Exploration Place Trailer,PM25_R&P_TEOM,pm25,2015,NA,NA,NA,NA,NA,NA
Central Interior,Prince George Exploration Place Trailer,Prince George-Exploration Place Trailer,PM25_R&P_TEOM,pm25,2016,NA,NA,NA,NA,NA,NA
Central Interior,Prince George Exploration Place Trailer,Prince George-Exploration Place Trailer,PM25_R&P_TEOM,pm25,2017,NA,NA,NA,NA,NA,NA
Central Interior,Prince George Exploration Place Trailer,Prince George-Exploration Place Trailer,PM25_R&P_TEOM,pm25,2018,NA,NA,NA,NA,NA,NA
Central Interior,Prince George Exploration Place Trailer,Prince George-Exploration Place Trailer,PM25_R&P_TEOM,pm25,2019,NA,NA,NA,NA,NA,NA
Central Interior,Prince George Exploration Place Trailer,Prince George-Exploration Place Trailer,PM25_R&P_TEOM,pm25,2020,NA,NA,NA,NA,NA,NA
Central Interior,Prince George Exploration Place Trailer,Prince George-Exploration Place Trailer,PM25_R&P_TEOM,pm25,2021,NA,NA,NA,NA,NA,NA
Central Interior,Prince George Exploration Place Trailer,Prince George-Exploration Place Trailer,PM25_R&P_TEOM,pm25,2022,NA,NA,NA,NA,NA,NA
Central Interior,Prince George Exploration Place Trailer,Prince George-Exploration Place Trailer,PM25_R&P_TEOM,pm25,2023,NA,NA,NA,NA,NA,NA
Central Interior,Prince George Gladstone School,Prince George-Gladstone School,PM25_R&P_TEOM,pm25,2013,4.6,4.6,17,17,yellow,yellow
Central Interior,Prince George Gladstone School,Prince George-Gladstone School,PM25_R&P_TEOM,pm25,2014,5.2,5,21,20,orange,orange
Central Interior,Prince George Gladstone School,Prince George-Gladstone School,PM25_R&P_TEOM,pm25,2015,5.4,5.1,22,21,orange,orange
Central Interior,Prince George Gladstone School,Prince George-Gladstone School,PM25_R&P_TEOM,pm25,2016,NA,NA,NA,NA,NA,NA
Central Interior,Prince George Gladstone School,Prince George-Gladstone School,PM25_R&P_TEOM,pm25,2017,NA,NA,NA,NA,NA,NA
Central Interior,Prince George Gladstone School,Prince George-Gladstone School,PM25_R&P_TEOM,pm25,2018,NA,NA,NA,NA,NA,NA
Central Interior,Prince George Gladstone School,Prince George-Gladstone School,PM25_R&P_TEOM,pm25,2019,NA,NA,NA,NA,NA,NA
Central Interior,Prince George Gladstone School,Prince George-Gladstone School,PM25_R&P_TEOM,pm25,2020,NA,NA,NA,NA,NA,NA
Central Interior,Prince George Gladstone School,Prince George-Gladstone School,PM25_R&P_TEOM,pm25,2021,NA,NA,NA,NA,NA,NA
Central Interior,Prince George Gladstone School,Prince George-Gladstone School,PM25_R&P_TEOM,pm25,2022,NA,NA,NA,NA,NA,NA
Central Interior,Prince George Gladstone School,Prince George-Gladstone School,PM25_R&P_TEOM,pm25,2023,NA,NA,NA,NA,NA,NA
Central Interior,Prince George Plaza 400,Prince George-Plaza 400,PM25 SHARP5030,pm25,2013,NA,NA,NA,NA,NA,NA
Central Interior,Prince George Plaza 400,Prince George-Plaza 400,PM25 SHARP5030,pm25,2014,9.5,9,31,26,red,orange
Central Interior,Prince George Plaza 400,Prince George-Plaza 400,PM25 SHARP5030,pm25,2015,9.5,9,31,26,red,orange
Central Interior,Prince George Plaza 400,Prince George-Plaza 400,PM25 SHARP5030,pm25,2016,9.3,8.8,30,24,red,orange
Central Interior,Prince George Plaza 400,Prince George-Plaza 400,PM25 SHARP5030,pm25,2017,NA,NA,NA,NA,NA,NA
Central Interior,Prince George Plaza 400,Prince George-Plaza 400,PM25 SHARP5030,pm25,2018,12.4,9.1,71,25,red,orange
Central Interior,Prince George Plaza 400,Prince George-Plaza 400,PM25 SHARP5030,pm25,2019,NA,NA,NA,NA,NA,NA
Central Interior,Prince George Plaza 400,Prince George-Plaza 400,PM25 SHARP5030,pm25,2020,NA,NA,NA,NA,NA,NA
Central Interior,Prince George Plaza 400,Prince George-Plaza 400,PM25 SHARP5030,pm25,2021,NA,NA,NA,NA,NA,NA
Central Interior,Prince George Plaza 400,Prince George-Plaza 400,PM25 SHARP5030,pm25,2022,NA,NA,NA,NA,NA,NA
Central Interior,Prince George Plaza 400,Prince George-Plaza 400,PM25 SHARP5030,pm25,2023,11.2,10.6,55,50,red,red
Central Interior,Prince George Plaza 400,Prince George-Plaza 400,PM25_R&P_TEOM,pm25,2013,5.7,5.7,21,21,orange,orange
Central Interior,Prince George Plaza 400,Prince George-Plaza 400,PM25_R&P_TEOM,pm25,2014,6.4,6.1,25,23,orange,orange
Central Interior,Prince George Plaza 400,Prince George-Plaza 400,PM25_R&P_TEOM,pm25,2015,6.6,6.1,24,20,orange,orange
Central Interior,Prince George Plaza 400,Prince George-Plaza 400,PM25_R&P_TEOM,pm25,2016,NA,NA,NA,NA,NA,NA
Central Interior,Prince George Plaza 400,Prince George-Plaza 400,PM25_R&P_TEOM,pm25,2017,NA,NA,NA,NA,NA,NA
Central Interior,Prince George Plaza 400,Prince George-Plaza 400,PM25_R&P_TEOM,pm25,2018,NA,NA,NA,NA,NA,NA
Central Interior,Prince George Plaza 400,Prince George-Plaza 400,PM25_R&P_TEOM,pm25,2019,NA,NA,NA,NA,NA,NA
Central Interior,Prince George Plaza 400,Prince George-Plaza 400,PM25_R&P_TEOM,pm25,2020,NA,NA,NA,NA,NA,NA
Central Interior,Prince George Plaza 400,Prince George-Plaza 400,PM25_R&P_TEOM,pm25,2021,NA,NA,NA,NA,NA,NA
Central Interior,Prince George Plaza 400,Prince George-Plaza 400,PM25_R&P_TEOM,pm25,2022,NA,NA,NA,NA,NA,NA
Central Interior,Prince George Plaza 400,Prince George-Plaza 400,PM25_R&P_TEOM,pm25,2023,NA,NA,NA,NA,NA,NA
Central Interior,Quesnel,Quesnel,PM25_R&P_TEOM,pm25,2013,7.1,7.1,24,24,orange,orange
Central Interior,Quesnel,Quesnel,PM25_R&P_TEOM,pm25,2014,NA,NA,NA,NA,NA,NA
Central Interior,Quesnel,Quesnel,PM25_R&P_TEOM,pm25,2015,NA,NA,NA,NA,NA,NA
Central Interior,Quesnel,Quesnel,PM25_R&P_TEOM,pm25,2016,NA,NA,NA,NA,NA,NA
Central Interior,Quesnel,Quesnel,PM25_R&P_TEOM,pm25,2017,NA,NA,NA,NA,NA,NA
Central Interior,Quesnel,Quesnel,PM25_R&P_TEOM,pm25,2018,NA,NA,NA,NA,NA,NA
Central Interior,Quesnel,Quesnel,PM25_R&P_TEOM,pm25,2019,NA,NA,NA,NA,NA,NA
Central Interior,Quesnel,Quesnel,PM25_R&P_TEOM,pm25,2020,NA,NA,NA,NA,NA,NA
Central Interior,Quesnel,Quesnel,PM25_R&P_TEOM,pm25,2021,NA,NA,NA,NA,NA,NA
Central Interior,Quesnel,Quesnel,PM25_R&P_TEOM,pm25,2022,NA,NA,NA,NA,NA,NA
Central Interior,Quesnel,Quesnel,PM25_R&P_TEOM,pm25,2023,NA,NA,NA,NA,NA,NA
Central Interior,Quesnel,Quesnel,SHARP,pm25,2013,NA,NA,NA,NA,NA,NA
Central Interior,Quesnel,Quesnel,SHARP,pm25,2014,10.3,9.5,32,26,red,orange
Central Interior,Quesnel,Quesnel,SHARP,pm25,2015,10,9.5,29,24,red,orange
Central Interior,Quesnel,Quesnel,SHARP,pm25,2016,9.8,9.3,29,24,red,orange
Central Interior,Quesnel,Quesnel,SHARP,pm25,2017,10.7,9.2,39,22,red,orange
Central Interior,Quesnel,Quesnel,SHARP,pm25,2018,13.1,9.6,71,24,red,orange
Central Interior,Quesnel,Quesnel,SHARP,pm25,2019,13.2,9.7,73,25,red,orange
Central Interior,Quesnel,Quesnel,SHARP,pm25,2020,12.8,9.8,72,26,red,red
Central Interior,Quesnel,Quesnel,SHARP,pm25,2021,9.4,8.6,34,25,red,orange
Central Interior,Quesnel,Quesnel,SHARP,pm25,2022,9.6,8.6,35,25,red,orange
Central Interior,Quesnel,Quesnel,SHARP,pm25,2023,9.6,8.6,35,25,red,orange
Central Interior,Quesnel Maple Drive,Quesnel-Maple Drive,PM25_R&P_TEOM,pm25,2013,6.9,6.9,25,25,orange,orange
Central Interior,Quesnel Maple Drive,Quesnel-Maple Drive,PM25_R&P_TEOM,pm25,2014,7.5,7.1,32,27,red,orange
Central Interior,Quesnel Maple Drive,Quesnel-Maple Drive,PM25_R&P_TEOM,pm25,2015,7.5,6.8,30,23,red,orange
Central Interior,Quesnel Maple Drive,Quesnel-Maple Drive,PM25_R&P_TEOM,pm25,2016,NA,NA,NA,NA,NA,NA
Central Interior,Quesnel Maple Drive,Quesnel-Maple Drive,PM25_R&P_TEOM,pm25,2017,NA,NA,NA,NA,NA,NA
Central Interior,Quesnel Maple Drive,Quesnel-Maple Drive,PM25_R&P_TEOM,pm25,2018,NA,NA,NA,NA,NA,NA
Central Interior,Quesnel Maple Drive,Quesnel-Maple Drive,PM25_R&P_TEOM,pm25,2019,NA,NA,NA,NA,NA,NA
Central Interior,Quesnel Maple Drive,Quesnel-Maple Drive,PM25_R&P_TEOM,pm25,2020,NA,NA,NA,NA,NA,NA
Central Interior,Quesnel Maple Drive,Quesnel-Maple Drive,PM25_R&P_TEOM,pm25,2021,NA,NA,NA,NA,NA,NA
Central Interior,Quesnel Maple Drive,Quesnel-Maple Drive,PM25_R&P_TEOM,pm25,2022,NA,NA,NA,NA,NA,NA
Central Interior,Quesnel Maple Drive,Quesnel-Maple Drive,PM25_R&P_TEOM,pm25,2023,NA,NA,NA,NA,NA,NA
Central Interior,Smithers,Smithers,PM25_R&P_TEOM,pm25,2013,5.4,5.4,18,18,yellow,yellow
Central Interior,Smithers,Smithers,PM25_R&P_TEOM,pm25,2014,NA,NA,NA,NA,NA,NA
Central Interior,Smithers,Smithers,PM25_R&P_TEOM,pm25,2015,NA,NA,NA,NA,NA,NA
Central Interior,Smithers,Smithers,PM25_R&P_TEOM,pm25,2016,NA,NA,NA,NA,NA,NA
Central Interior,Smithers,Smithers,PM25_R&P_TEOM,pm25,2017,NA,NA,NA,NA,NA,NA
Central Interior,Smithers,Smithers,PM25_R&P_TEOM,pm25,2018,NA,NA,NA,NA,NA,NA
Central Interior,Smithers,Smithers,PM25_R&P_TEOM,pm25,2019,NA,NA,NA,NA,NA,NA
Central Interior,Smithers,Smithers,PM25_R&P_TEOM,pm25,2020,NA,NA,NA,NA,NA,NA
Central Interior,Smithers,Smithers,PM25_R&P_TEOM,pm25,2021,NA,NA,NA,NA,NA,NA
Central Interior,Smithers,Smithers,PM25_R&P_TEOM,pm25,2022,NA,NA,NA,NA,NA,NA
Central Interior,Smithers,Smithers,PM25_R&P_TEOM,pm25,2023,NA,NA,NA,NA,NA,NA
Central Interior,Smithers,Smithers,SHARP,pm25,2013,9.4,9.4,29,29,red,red
Central Interior,Smithers,Smithers,SHARP,pm25,2014,9.2,9.2,30,30,red,red
Central Interior,Smithers,Smithers,SHARP,pm25,2015,9,9,29,29,red,red
Central Interior,Smithers,Smithers,SHARP,pm25,2016,7.9,7.9,25,25,orange,orange
Central Interior,Smithers,Smithers,SHARP,pm25,2017,8,7.9,27,25,orange,orange
Central Interior,Smithers,Smithers,SHARP,pm25,2018,8.2,8,29,27,red,orange
Central Interior,Smithers,Smithers,SHARP,pm25,2019,8.6,8.4,29,27,red,orange
Central Interior,Smithers,Smithers,SHARP,pm25,2020,8.1,7.9,24,23,orange,orange
Central Interior,Smithers,Smithers,SHARP,pm25,2021,7.2,7.2,20,20,orange,orange
Central Interior,Smithers,Smithers,SHARP,pm25,2022,6.7,6.7,19,19,orange,orange
Central Interior,Smithers,Smithers,SHARP,pm25,2023,7.4,7.4,23,23,orange,orange
Central Interior,Telkwa,Telkwa,PM25_R&P_TEOM,pm25,2013,5.4,5.4,17,17,yellow,yellow
Central Interior,Telkwa,Telkwa,PM25_R&P_TEOM,pm25,2014,5.6,5.6,18,18,yellow,yellow
Central Interior,Telkwa,Telkwa,PM25_R&P_TEOM,pm25,2015,5.7,5.7,18,18,yellow,yellow
Central Interior,Telkwa,Telkwa,PM25_R&P_TEOM,pm25,2016,NA,NA,NA,NA,NA,NA
Central Interior,Telkwa,Telkwa,PM25_R&P_TEOM,pm25,2017,NA,NA,NA,NA,NA,NA
Central Interior,Telkwa,Telkwa,PM25_R&P_TEOM,pm25,2018,NA,NA,NA,NA,NA,NA
Central Interior,Telkwa,Telkwa,PM25_R&P_TEOM,pm25,2019,NA,NA,NA,NA,NA,NA
Central Interior,Telkwa,Telkwa,PM25_R&P_TEOM,pm25,2020,NA,NA,NA,NA,NA,NA
Central Interior,Telkwa,Telkwa,PM25_R&P_TEOM,pm25,2021,NA,NA,NA,NA,NA,NA
Central Interior,Telkwa,Telkwa,PM25_R&P_TEOM,pm25,2022,NA,NA,NA,NA,NA,NA
Central Interior,Telkwa,Telkwa,PM25_R&P_TEOM,pm25,2023,NA,NA,NA,NA,NA,NA
Central Interior,Valemount,Valemount,PM25 SHARP5030,pm25,2013,NA,NA,NA,NA,NA,NA
Central Interior,Valemount,Valemount,PM25 SHARP5030,pm25,2014,NA,NA,NA,NA,NA,NA
Central Interior,Valemount,Valemount,PM25 SHARP5030,pm25,2015,NA,NA,NA,NA,NA,NA
Central Interior,Valemount,Valemount,PM25 SHARP5030,pm25,2016,NA,NA,NA,NA,NA,NA
Central Interior,Valemount,Valemount,PM25 SHARP5030,pm25,2017,15.3,14.5,96,96,red,red
Central Interior,Valemount,Valemount,PM25 SHARP5030,pm25,2018,15.3,14.5,101,82,red,red
Central Interior,Valemount,Valemount,PM25 SHARP5030,pm25,2019,NA,NA,105,76,red,red
Central Interior,Valemount,Valemount,PM25 SHARP5030,pm25,2020,NA,NA,77,47,red,red
Central Interior,Valemount,Valemount,PM25 SHARP5030,pm25,2021,NA,NA,63,55,red,red
Central Interior,Valemount,Valemount,PM25 SHARP5030,pm25,2022,NA,NA,63,55,red,red
Central Interior,Valemount,Valemount,PM25 SHARP5030,pm25,2023,NA,NA,NA,NA,NA,NA
Central Interior,Vanderhoof Courthouse,Vanderhoof,BAM1020,pm25,2013,10.8,10.8,36,36,red,red
Central Interior,Vanderhoof Courthouse,Vanderhoof,BAM1020,pm25,2014,11.3,11.1,38,38,red,red
Central Interior,Vanderhoof Courthouse,Vanderhoof,BAM1020,pm25,2015,10.6,10.4,35,35,red,red
Central Interior,Vanderhoof Courthouse,Vanderhoof,BAM1020,pm25,2016,9.6,9.4,32,32,red,red
Central Interior,Vanderhoof Courthouse,Vanderhoof,BAM1020,pm25,2017,9.1,8.9,35,32,red,red
Central Interior,Vanderhoof Courthouse,Vanderhoof,BAM1020,pm25,2018,13,9.6,73,34,red,red
Central Interior,Vanderhoof Courthouse,Vanderhoof,BAM1020,pm25,2019,15.2,10.1,74,35,red,red
Central Interior,Vanderhoof Courthouse,Vanderhoof,BAM1020,pm25,2020,NA,NA,88,33,red,red
Central Interior,Vanderhoof Courthouse,Vanderhoof,BAM1020,pm25,2021,NA,NA,29,NA,red,NA
Central Interior,Vanderhoof Courthouse,Vanderhoof,BAM1020,pm25,2022,10.3,10.1,28,26,red,red
Central Interior,Vanderhoof Courthouse,Vanderhoof,BAM1020,pm25,2023,12.4,12.2,48,47,red,red
Central Interior,Williams Lake CRD Library,Williams Lake-CRD Library,PM25_R&P_TEOM,pm25,2013,4.6,4.6,15,15,yellow,yellow
Central Interior,Williams Lake CRD Library,Williams Lake-CRD Library,PM25_R&P_TEOM,pm25,2014,NA,NA,NA,NA,NA,NA
Central Interior,Williams Lake CRD Library,Williams Lake-CRD Library,PM25_R&P_TEOM,pm25,2015,NA,NA,NA,NA,NA,NA
Central Interior,Williams Lake CRD Library,Williams Lake-CRD Library,PM25_R&P_TEOM,pm25,2016,NA,NA,NA,NA,NA,NA
Central Interior,Williams Lake CRD Library,Williams Lake-CRD Library,PM25_R&P_TEOM,pm25,2017,NA,NA,NA,NA,NA,NA
Central Interior,Williams Lake CRD Library,Williams Lake-CRD Library,PM25_R&P_TEOM,pm25,2018,NA,NA,NA,NA,NA,NA
Central Interior,Williams Lake CRD Library,Williams Lake-CRD Library,PM25_R&P_TEOM,pm25,2019,NA,NA,NA,NA,NA,NA
Central Interior,Williams Lake CRD Library,Williams Lake-CRD Library,PM25_R&P_TEOM,pm25,2020,NA,NA,NA,NA,NA,NA
Central Interior,Williams Lake CRD Library,Williams Lake-CRD Library,PM25_R&P_TEOM,pm25,2021,NA,NA,NA,NA,NA,NA
Central Interior,Williams Lake CRD Library,Williams Lake-CRD Library,PM25_R&P_TEOM,pm25,2022,NA,NA,NA,NA,NA,NA
Central Interior,Williams Lake CRD Library,Williams Lake-CRD Library,PM25_R&P_TEOM,pm25,2023,NA,NA,NA,NA,NA,NA
Central Interior,Williams Lake Columneetza School,Williams Lake,PM25 SHARP5030,pm25,2013,NA,NA,NA,NA,NA,NA
Central Interior,Williams Lake Columneetza School,Williams Lake,PM25 SHARP5030,pm25,2014,NA,NA,NA,NA,NA,NA
Central Interior,Williams Lake Columneetza School,Williams Lake,PM25 SHARP5030,pm25,2015,8,7.6,26,23,orange,orange
Central Interior,Williams Lake Columneetza School,Williams Lake,PM25 SHARP5030,pm25,2016,7.3,7,22,20,orange,orange
Central Interior,Williams Lake Columneetza School,Williams Lake,PM25 SHARP5030,pm25,2017,10.9,7,78,20,red,orange
Central Interior,Williams Lake Columneetza School,Williams Lake,PM25 SHARP5030,pm25,2018,13.7,7.5,111,21,red,orange
Central Interior,Williams Lake Columneetza School,Williams Lake,PM25 SHARP5030,pm25,2019,14.1,8,112,22,red,orange
Central Interior,Williams Lake Columneetza School,Williams Lake,PM25 SHARP5030,pm25,2020,9.2,6.8,51,19,red,orange
Central Interior,Williams Lake Columneetza School,Williams Lake,PM25 SHARP5030,pm25,2021,6.5,5.9,25,18,orange,yellow
Central Interior,Williams Lake Columneetza School,Williams Lake,PM25 SHARP5030,pm25,2022,6.4,5.7,27,19,orange,yellow
Central Interior,Williams Lake Columneetza School,Williams Lake,PM25 SHARP5030,pm25,2023,7.1,6.1,32,20,red,orange
Central Interior,Williams Lake Columneetza School,Williams Lake,PM25_R&P_TEOM,pm25,2013,4.8,4.8,15,15,yellow,yellow
Central Interior,Williams Lake Columneetza School,Williams Lake,PM25_R&P_TEOM,pm25,2014,5.3,5,18,18,yellow,yellow
Central Interior,Williams Lake Columneetza School,Williams Lake,PM25_R&P_TEOM,pm25,2015,5.5,5.1,19,18,yellow,yellow
Central Interior,Williams Lake Columneetza School,Williams Lake,PM25_R&P_TEOM,pm25,2016,NA,NA,NA,NA,NA,NA
Central Interior,Williams Lake Columneetza School,Williams Lake,PM25_R&P_TEOM,pm25,2017,NA,NA,NA,NA,NA,NA
Central Interior,Williams Lake Columneetza School,Williams Lake,PM25_R&P_TEOM,pm25,2018,NA,NA,NA,NA,NA,NA
Central Interior,Williams Lake Columneetza School,Williams Lake,PM25_R&P_TEOM,pm25,2019,NA,NA,NA,NA,NA,NA
Central Interior,Williams Lake Columneetza School,Williams Lake,PM25_R&P_TEOM,pm25,2020,NA,NA,NA,NA,NA,NA
Central Interior,Williams Lake Columneetza School,Williams Lake,PM25_R&P_TEOM,pm25,2021,NA,NA,NA,NA,NA,NA
Central Interior,Williams Lake Columneetza School,Williams Lake,PM25_R&P_TEOM,pm25,2022,NA,NA,NA,NA,NA,NA
Central Interior,Williams Lake Columneetza School,Williams Lake,PM25_R&P_TEOM,pm25,2023,NA,NA,NA,NA,NA,NA
Coastal,Kitimat Haisla Village,Kitimat-Haisla Village,BAM1020/TEOM,pm25,2013,2.5,2.5,10,10,green,green
Coastal,Kitimat Haisla Village,Kitimat-Haisla Village,BAM1020/TEOM,pm25,2014,4.5,4.5,15,15,yellow,yellow
Coastal,Kitimat Haisla Village,Kitimat-Haisla Village,BAM1020/TEOM,pm25,2015,5.9,5.9,17,17,yellow,yellow
Coastal,Kitimat Haisla Village,Kitimat-Haisla Village,BAM1020/TEOM,pm25,2016,7.2,7.2,18,18,orange,orange
Coastal,Kitimat Haisla Village,Kitimat-Haisla Village,BAM1020/TEOM,pm25,2017,NA,NA,NA,NA,NA,NA
Coastal,Kitimat Haisla Village,Kitimat-Haisla Village,BAM1020/TEOM,pm25,2018,NA,NA,NA,NA,NA,NA
Coastal,Kitimat Haisla Village,Kitimat-Haisla Village,BAM1020/TEOM,pm25,2019,NA,NA,NA,NA,NA,NA
Coastal,Kitimat Haisla Village,Kitimat-Haisla Village,BAM1020/TEOM,pm25,2020,3.9,3.9,9,9,green,green
Coastal,Kitimat Haisla Village,Kitimat-Haisla Village,BAM1020/TEOM,pm25,2021,3.5,3.5,9,9,green,green
Coastal,Kitimat Haisla Village,Kitimat-Haisla Village,BAM1020/TEOM,pm25,2022,3.1,3.1,8,8,green,green
Coastal,Kitimat Haisla Village,Kitimat-Haisla Village,BAM1020/TEOM,pm25,2023,3,3,9,9,green,green
Coastal,Kitimat Riverlodge,Kitimat-Riverlodge,BAM1020,pm25,2013,NA,NA,NA,NA,NA,NA
Coastal,Kitimat Riverlodge,Kitimat-Riverlodge,BAM1020,pm25,2014,NA,NA,NA,NA,NA,NA
Coastal,Kitimat Riverlodge,Kitimat-Riverlodge,BAM1020,pm25,2015,5.7,5.7,14,14,yellow,yellow
Coastal,Kitimat Riverlodge,Kitimat-Riverlodge,BAM1020,pm25,2016,5.3,5.3,12,12,yellow,yellow
Coastal,Kitimat Riverlodge,Kitimat-Riverlodge,BAM1020,pm25,2017,4.7,4.7,11,11,yellow,yellow
Coastal,Kitimat Riverlodge,Kitimat-Riverlodge,BAM1020,pm25,2018,4.8,4.7,12,11,yellow,yellow
Coastal,Kitimat Riverlodge,Kitimat-Riverlodge,BAM1020,pm25,2019,4.7,4.7,12,12,yellow,yellow
Coastal,Kitimat Riverlodge,Kitimat-Riverlodge,BAM1020,pm25,2020,4.4,4.4,11,11,yellow,yellow
Coastal,Kitimat Riverlodge,Kitimat-Riverlodge,BAM1020,pm25,2021,3.5,3.5,9,9,green,green
Coastal,Kitimat Riverlodge,Kitimat-Riverlodge,BAM1020,pm25,2022,3.1,3.1,9,9,green,green
Coastal,Kitimat Riverlodge,Kitimat-Riverlodge,BAM1020,pm25,2023,3.5,3.5,10,10,green,green
Coastal,Kitimat Smeltersite Road,Kitimat-Smeltersite Road,BAM1020,pm25,2013,NA,NA,NA,NA,NA,NA
Coastal,Kitimat Smeltersite Road,Kitimat-Smeltersite Road,BAM1020,pm25,2014,NA,NA,NA,NA,NA,NA
Coastal,Kitimat Smeltersite Road,Kitimat-Smeltersite Road,BAM1020,pm25,2015,7.4,7.4,16,16,orange,orange
Coastal,Kitimat Smeltersite Road,Kitimat-Smeltersite Road,BAM1020,pm25,2016,7.4,7.4,16,16,orange,orange
Coastal,Kitimat Smeltersite Road,Kitimat-Smeltersite Road,BAM1020,pm25,2017,NA,NA,NA,NA,NA,NA
Coastal,Kitimat Smeltersite Road,Kitimat-Smeltersite Road,BAM1020,pm25,2018,NA,NA,NA,NA,NA,NA
Coastal,Kitimat Smeltersite Road,Kitimat-Smeltersite Road,BAM1020,pm25,2019,NA,NA,NA,NA,NA,NA
Coastal,Kitimat Smeltersite Road,Kitimat-Smeltersite Road,BAM1020,pm25,2020,NA,NA,NA,NA,NA,NA
Coastal,Kitimat Smeltersite Road,Kitimat-Smeltersite Road,BAM1020,pm25,2021,NA,NA,NA,NA,NA,NA
Coastal,Kitimat Smeltersite Road,Kitimat-Smeltersite Road,BAM1020,pm25,2022,NA,NA,NA,NA,NA,NA
Coastal,Kitimat Smeltersite Road,Kitimat-Smeltersite Road,BAM1020,pm25,2023,NA,NA,NA,NA,NA,NA
Coastal,Kitimat Whitesail,Kitimat-Whitesail,BAM1020/TEOM,pm25,2013,2,2,7,7,green,green
Coastal,Kitimat Whitesail,Kitimat-Whitesail,BAM1020/TEOM,pm25,2014,3.4,3.4,11,11,yellow,yellow
Coastal,Kitimat Whitesail,Kitimat-Whitesail,BAM1020/TEOM,pm25,2015,4.5,4.5,12,12,yellow,yellow
Coastal,Kitimat Whitesail,Kitimat-Whitesail,BAM1020/TEOM,pm25,2016,5.4,5.4,14,14,yellow,yellow
Coastal,Kitimat Whitesail,Kitimat-Whitesail,BAM1020/TEOM,pm25,2017,NA,NA,NA,NA,NA,NA
Coastal,Kitimat Whitesail,Kitimat-Whitesail,BAM1020/TEOM,pm25,2018,NA,NA,NA,NA,NA,NA
Coastal,Kitimat Whitesail,Kitimat-Whitesail,BAM1020/TEOM,pm25,2019,NA,NA,NA,NA,NA,NA
Coastal,Kitimat Whitesail,Kitimat-Whitesail,BAM1020/TEOM,pm25,2020,3.6,3.6,9,9,green,green
Coastal,Kitimat Whitesail,Kitimat-Whitesail,BAM1020/TEOM,pm25,2021,3.3,3.3,9,9,green,green
Coastal,Kitimat Whitesail,Kitimat-Whitesail,BAM1020/TEOM,pm25,2022,3.3,3.3,10,10,green,green
Coastal,Kitimat Whitesail,Kitimat-Whitesail,BAM1020/TEOM,pm25,2023,3.9,3.9,11,11,yellow,yellow
Coastal,Prince Rupert Fairview,Prince Rupert-Fairview,PM25_SHARP5030i,pm25,2013,NA,NA,NA,NA,NA,NA
Coastal,Prince Rupert Fairview,Prince Rupert-Fairview,PM25_SHARP5030i,pm25,2014,NA,NA,NA,NA,NA,NA
Coastal,Prince Rupert Fairview,Prince Rupert-Fairview,PM25_SHARP5030i,pm25,2015,NA,NA,NA,NA,NA,NA
Coastal,Prince Rupert Fairview,Prince Rupert-Fairview,PM25_SHARP5030i,pm25,2016,NA,NA,NA,NA,NA,NA
Coastal,Prince Rupert Fairview,Prince Rupert-Fairview,PM25_SHARP5030i,pm25,2017,NA,NA,NA,NA,NA,NA
Coastal,Prince Rupert Fairview,Prince Rupert-Fairview,PM25_SHARP5030i,pm25,2018,NA,NA,NA,NA,NA,NA
Coastal,Prince Rupert Fairview,Prince Rupert-Fairview,PM25_SHARP5030i,pm25,2019,NA,NA,NA,NA,NA,NA
Coastal,Prince Rupert Fairview,Prince Rupert-Fairview,PM25_SHARP5030i,pm25,2020,3.1,3.1,9,9,green,green
Coastal,Prince Rupert Fairview,Prince Rupert-Fairview,PM25_SHARP5030i,pm25,2021,2.9,2.9,8,8,green,green
Coastal,Prince Rupert Fairview,Prince Rupert-Fairview,PM25_SHARP5030i,pm25,2022,2.7,2.7,7,7,green,green
Coastal,Prince Rupert Fairview,Prince Rupert-Fairview,PM25_SHARP5030i,pm25,2023,2.6,2.6,8,8,green,green
Coastal,Rumble Beach Hospital,Rumble Beach-Hospital,BAM1020,pm25,2013,NA,NA,29,29,red,red
Coastal,Rumble Beach Hospital,Rumble Beach-Hospital,BAM1020,pm25,2014,9.2,9.2,26,26,orange,orange
Coastal,Rumble Beach Hospital,Rumble Beach-Hospital,BAM1020,pm25,2015,NA,NA,NA,NA,NA,NA
Coastal,Rumble Beach Hospital,Rumble Beach-Hospital,BAM1020,pm25,2016,NA,NA,NA,NA,NA,NA
Coastal,Rumble Beach Hospital,Rumble Beach-Hospital,BAM1020,pm25,2017,NA,NA,NA,NA,NA,NA
Coastal,Rumble Beach Hospital,Rumble Beach-Hospital,BAM1020,pm25,2018,NA,NA,NA,NA,NA,NA
Coastal,Rumble Beach Hospital,Rumble Beach-Hospital,BAM1020,pm25,2019,NA,NA,NA,NA,NA,NA
Coastal,Rumble Beach Hospital,Rumble Beach-Hospital,BAM1020,pm25,2020,NA,NA,NA,NA,NA,NA
Coastal,Rumble Beach Hospital,Rumble Beach-Hospital,BAM1020,pm25,2021,NA,NA,NA,NA,NA,NA
Coastal,Rumble Beach Hospital,Rumble Beach-Hospital,BAM1020,pm25,2022,NA,NA,NA,NA,NA,NA
Coastal,Rumble Beach Hospital,Rumble Beach-Hospital,BAM1020,pm25,2023,NA,NA,NA,NA,NA,NA
Coastal,Terrace BC Access Centre,Terrace BC Access Centre,PM25_R&P_TEOM,pm25,2013,3,3,9,9,green,green
Coastal,Terrace BC Access Centre,Terrace BC Access Centre,PM25_R&P_TEOM,pm25,2014,NA,NA,NA,NA,NA,NA
Coastal,Terrace BC Access Centre,Terrace BC Access Centre,PM25_R&P_TEOM,pm25,2015,NA,NA,NA,NA,NA,NA
Coastal,Terrace BC Access Centre,Terrace BC Access Centre,PM25_R&P_TEOM,pm25,2016,NA,NA,NA,NA,NA,NA
Coastal,Terrace BC Access Centre,Terrace BC Access Centre,PM25_R&P_TEOM,pm25,2017,NA,NA,NA,NA,NA,NA
Coastal,Terrace BC Access Centre,Terrace BC Access Centre,PM25_R&P_TEOM,pm25,2018,NA,NA,NA,NA,NA,NA
Coastal,Terrace BC Access Centre,Terrace BC Access Centre,PM25_R&P_TEOM,pm25,2019,NA,NA,NA,NA,NA,NA
Coastal,Terrace BC Access Centre,Terrace BC Access Centre,PM25_R&P_TEOM,pm25,2020,NA,NA,NA,NA,NA,NA
Coastal,Terrace BC Access Centre,Terrace BC Access Centre,PM25_R&P_TEOM,pm25,2021,NA,NA,NA,NA,NA,NA
Coastal,Terrace BC Access Centre,Terrace BC Access Centre,PM25_R&P_TEOM,pm25,2022,NA,NA,NA,NA,NA,NA
Coastal,Terrace BC Access Centre,Terrace BC Access Centre,PM25_R&P_TEOM,pm25,2023,NA,NA,NA,NA,NA,NA
Coastal,Terrace Skeena Middle School,Terrace,PM25 SHARP5030,pm25,2013,NA,NA,NA,NA,NA,NA
Coastal,Terrace Skeena Middle School,Terrace,PM25 SHARP5030,pm25,2014,NA,NA,NA,NA,NA,NA
Coastal,Terrace Skeena Middle School,Terrace,PM25 SHARP5030,pm25,2015,NA,NA,NA,NA,NA,NA
Coastal,Terrace Skeena Middle School,Terrace,PM25 SHARP5030,pm25,2016,NA,NA,NA,NA,NA,NA
Coastal,Terrace Skeena Middle School,Terrace,PM25 SHARP5030,pm25,2017,5.9,5.9,17,17,yellow,yellow
Coastal,Terrace Skeena Middle School,Terrace,PM25 SHARP5030,pm25,2018,6.3,6.2,18,18,yellow,yellow
Coastal,Terrace Skeena Middle School,Terrace,PM25 SHARP5030,pm25,2019,6.1,6.1,17,17,yellow,yellow
Coastal,Terrace Skeena Middle School,Terrace,PM25 SHARP5030,pm25,2020,5.5,5.5,15,15,yellow,yellow
Coastal,Terrace Skeena Middle School,Terrace,PM25 SHARP5030,pm25,2021,4.9,4.9,14,14,yellow,yellow
Coastal,Terrace Skeena Middle School,Terrace,PM25 SHARP5030,pm25,2022,4.8,4.8,14,14,yellow,yellow
Coastal,Terrace Skeena Middle School,Terrace,PM25 SHARP5030,pm25,2023,5,5,14,14,yellow,yellow
Georgia Strait,Colwood City Hall,Colwood,BAM1020,pm25,2013,8,8,19,19,orange,orange
Georgia Strait,Colwood City Hall,Colwood,BAM1020,pm25,2014,7.1,7.1,19,19,orange,orange
Georgia Strait,Colwood City Hall,Colwood,BAM1020,pm25,2015,6.6,6.6,20,20,orange,orange
Georgia Strait,Colwood City Hall,Colwood,BAM1020,pm25,2016,5.4,5.4,17,17,yellow,yellow
Georgia Strait,Colwood City Hall,Colwood,BAM1020,pm25,2017,5.8,5.6,19,17,yellow,yellow
Georgia Strait,Colwood City Hall,Colwood,BAM1020,pm25,2018,6.2,5.6,23,17,orange,yellow
Georgia Strait,Colwood City Hall,Colwood,BAM1020,pm25,2019,7.1,6.2,28,18,orange,yellow
Georgia Strait,Colwood City Hall,Colwood,BAM1020,pm25,2020,7.5,5.7,39,15,red,yellow
Georgia Strait,Colwood City Hall,Colwood,BAM1020,pm25,2021,6.6,5.4,29,14,red,yellow
Georgia Strait,Colwood City Hall,Colwood,BAM1020,pm25,2022,6.3,5.4,26,15,orange,yellow
Georgia Strait,Colwood City Hall,Colwood,BAM1020,pm25,2023,5.7,5.6,16,15,yellow,yellow
Georgia Strait,Courtenay Elementary School,Courtenay,BAM1020,pm25,2013,NA,NA,NA,NA,NA,NA
Georgia Strait,Courtenay Elementary School,Courtenay,BAM1020,pm25,2014,10.3,10.3,32,32,red,red
Georgia Strait,Courtenay Elementary School,Courtenay,BAM1020,pm25,2015,9.7,9.7,34,33,red,red
Georgia Strait,Courtenay Elementary School,Courtenay,BAM1020,pm25,2016,8.5,8.4,33,32,red,red
Georgia Strait,Courtenay Elementary School,Courtenay,BAM1020,pm25,2017,8.8,8.5,34,32,red,red
Georgia Strait,Courtenay Elementary School,Courtenay,BAM1020,pm25,2018,9,8.6,32,31,red,red
Georgia Strait,Courtenay Elementary School,Courtenay,BAM1020,pm25,2019,9,8.6,30,28,red,orange
Georgia Strait,Courtenay Elementary School,Courtenay,BAM1020,pm25,2020,8.3,7.4,27,24,orange,orange
Georgia Strait,Courtenay Elementary School,Courtenay,BAM1020,pm25,2021,8.3,7.4,26,24,orange,orange
Georgia Strait,Courtenay Elementary School,Courtenay,BAM1020,pm25,2022,8,7.1,24,22,orange,orange
Georgia Strait,Courtenay Elementary School,Courtenay,BAM1020,pm25,2023,6.8,6.8,19,18,orange,orange
Georgia Strait,Crofton Elementary,Crofton-Elementary,BAM1020,pm25,2013,NA,NA,NA,NA,NA,NA
Georgia Strait,Crofton Elementary,Crofton-Elementary,BAM1020,pm25,2014,NA,NA,NA,NA,NA,NA
Georgia Strait,Crofton Elementary,Crofton-Elementary,BAM1020,pm25,2015,NA,NA,NA,NA,NA,NA
Georgia Strait,Crofton Elementary,Crofton-Elementary,BAM1020,pm25,2016,NA,NA,NA,NA,NA,NA
Georgia Strait,Crofton Elementary,Crofton-Elementary,BAM1020,pm25,2017,NA,NA,NA,NA,NA,NA
Georgia Strait,Crofton Elementary,Crofton-Elementary,BAM1020,pm25,2018,NA,NA,NA,NA,NA,NA
Georgia Strait,Crofton Elementary,Crofton-Elementary,BAM1020,pm25,2019,NA,NA,NA,NA,NA,NA
Georgia Strait,Crofton Elementary,Crofton-Elementary,BAM1020,pm25,2020,NA,NA,NA,NA,NA,NA
Georgia Strait,Crofton Elementary,Crofton-Elementary,BAM1020,pm25,2021,4.4,3.2,34,10,red,green
Georgia Strait,Crofton Elementary,Crofton-Elementary,BAM1020,pm25,2022,4.4,3.5,29,12,red,yellow
Georgia Strait,Crofton Elementary,Crofton-Elementary,BAM1020,pm25,2023,3.9,3.9,14,13,yellow,yellow
Georgia Strait,Crofton Escarpment Way,Crofton-Escarpment Way,PM25_R&P_TEOM,pm25,2013,3.8,3.8,10,10,green,green
Georgia Strait,Crofton Escarpment Way,Crofton-Escarpment Way,PM25_R&P_TEOM,pm25,2014,4,4,11,11,yellow,yellow
Georgia Strait,Crofton Escarpment Way,Crofton-Escarpment Way,PM25_R&P_TEOM,pm25,2015,NA,NA,NA,NA,NA,NA
Georgia Strait,Crofton Escarpment Way,Crofton-Escarpment Way,PM25_R&P_TEOM,pm25,2016,NA,NA,NA,NA,NA,NA
Georgia Strait,Crofton Escarpment Way,Crofton-Escarpment Way,PM25_R&P_TEOM,pm25,2017,NA,NA,NA,NA,NA,NA
Georgia Strait,Crofton Escarpment Way,Crofton-Escarpment Way,PM25_R&P_TEOM,pm25,2018,NA,NA,NA,NA,NA,NA
Georgia Strait,Crofton Escarpment Way,Crofton-Escarpment Way,PM25_R&P_TEOM,pm25,2019,NA,NA,NA,NA,NA,NA
Georgia Strait,Crofton Escarpment Way,Crofton-Escarpment Way,PM25_R&P_TEOM,pm25,2020,NA,NA,NA,NA,NA,NA
Georgia Strait,Crofton Escarpment Way,Crofton-Escarpment Way,PM25_R&P_TEOM,pm25,2021,NA,NA,NA,NA,NA,NA
Georgia Strait,Crofton Escarpment Way,Crofton-Escarpment Way,PM25_R&P_TEOM,pm25,2022,NA,NA,NA,NA,NA,NA
Georgia Strait,Crofton Escarpment Way,Crofton-Escarpment Way,PM25_R&P_TEOM,pm25,2023,NA,NA,NA,NA,NA,NA
Georgia Strait,Crofton Georgia Hts,Crofton-Georgia Hts,BAM1020,pm25,2013,NA,NA,NA,NA,NA,NA
Georgia Strait,Crofton Georgia Hts,Crofton-Georgia Hts,BAM1020,pm25,2014,NA,NA,NA,NA,NA,NA
Georgia Strait,Crofton Georgia Hts,Crofton-Georgia Hts,BAM1020,pm25,2015,NA,NA,NA,NA,NA,NA
Georgia Strait,Crofton Georgia Hts,Crofton-Georgia Hts,BAM1020,pm25,2016,7.5,7.4,17,17,orange,orange
Georgia Strait,Crofton Georgia Hts,Crofton-Georgia Hts,BAM1020,pm25,2017,7.1,6.7,24,18,orange,orange
Georgia Strait,Crofton Georgia Hts,Crofton-Georgia Hts,BAM1020,pm25,2018,6.7,5.8,27,18,orange,yellow
Georgia Strait,Crofton Georgia Hts,Crofton-Georgia Hts,BAM1020,pm25,2019,7.1,5.8,34,20,red,orange
Georgia Strait,Crofton Georgia Hts,Crofton-Georgia Hts,BAM1020,pm25,2020,NA,NA,NA,NA,NA,NA
Georgia Strait,Crofton Georgia Hts,Crofton-Georgia Hts,BAM1020,pm25,2021,NA,NA,NA,NA,NA,NA
Georgia Strait,Crofton Georgia Hts,Crofton-Georgia Hts,BAM1020,pm25,2022,NA,NA,NA,NA,NA,NA
Georgia Strait,Crofton Georgia Hts,Crofton-Georgia Hts,BAM1020,pm25,2023,NA,NA,NA,NA,NA,NA
Georgia Strait,Crofton Substation,Crofton-Substation,BAM1020,pm25,2013,NA,NA,NA,NA,NA,NA
Georgia Strait,Crofton Substation,Crofton-Substation,BAM1020,pm25,2014,NA,NA,NA,NA,NA,NA
Georgia Strait,Crofton Substation,Crofton-Substation,BAM1020,pm25,2015,6.5,6.5,16,16,orange,orange
Georgia Strait,Crofton Substation,Crofton-Substation,BAM1020,pm25,2016,5.9,5.9,14,14,yellow,yellow
Georgia Strait,Crofton Substation,Crofton-Substation,BAM1020,pm25,2017,5.9,5.9,20,20,orange,orange
Georgia Strait,Crofton Substation,Crofton-Substation,BAM1020,pm25,2018,6,6,23,23,orange,orange
Georgia Strait,Crofton Substation,Crofton-Substation,BAM1020,pm25,2019,6.3,6.3,23,23,orange,orange
Georgia Strait,Crofton Substation,Crofton-Substation,BAM1020,pm25,2020,6.3,5.6,26,16,orange,yellow
Georgia Strait,Crofton Substation,Crofton-Substation,BAM1020,pm25,2021,5.4,4.7,22,12,orange,yellow
Georgia Strait,Crofton Substation,Crofton-Substation,BAM1020,pm25,2022,5.2,4.4,23,13,orange,yellow
Georgia Strait,Crofton Substation,Crofton-Substation,BAM1020,pm25,2023,4.4,4.4,14,13,yellow,yellow
Georgia Strait,Duncan,Duncan-Cairnsmore,BAM1020,pm25,2013,9.3,9.3,31,31,red,red
Georgia Strait,Duncan,Duncan-Cairnsmore,BAM1020,pm25,2014,8.2,8.2,31,31,red,red
Georgia Strait,Duncan,Duncan-Cairnsmore,BAM1020,pm25,2015,7.9,7.9,29,29,red,red
Georgia Strait,Duncan,Duncan-Cairnsmore,BAM1020,pm25,2016,7.2,7.2,26,26,orange,orange
Georgia Strait,Duncan,Duncan-Cairnsmore,BAM1020,pm25,2017,7.6,7.4,27,25,orange,orange
Georgia Strait,Duncan,Duncan-Cairnsmore,BAM1020,pm25,2018,7.7,7.2,28,25,orange,orange
Georgia Strait,Duncan,Duncan-Cairnsmore,BAM1020,pm25,2019,8.1,7.6,27,24,orange,orange
Georgia Strait,Duncan,Duncan-Cairnsmore,BAM1020,pm25,2020,7.8,6.9,28,22,red,orange
Georgia Strait,Duncan,Duncan-Cairnsmore,BAM1020,pm25,2021,7.4,6.8,25,21,orange,orange
Georgia Strait,Duncan,Duncan-Cairnsmore,BAM1020,pm25,2022,7.7,7,26,21,orange,orange
Georgia Strait,Duncan,Duncan-Cairnsmore,BAM1020,pm25,2023,8,7.9,22,21,orange,orange
Georgia Strait,Duncan Deykin Avenue,Duncan-Deykin,BAM1020,pm25,2013,NA,NA,NA,NA,NA,NA
Georgia Strait,Duncan Deykin Avenue,Duncan-Deykin,BAM1020,pm25,2014,NA,NA,NA,NA,NA,NA
Georgia Strait,Duncan Deykin Avenue,Duncan-Deykin,BAM1020,pm25,2015,6.6,6.5,22,22,orange,orange
Georgia Strait,Duncan Deykin Avenue,Duncan-Deykin,BAM1020,pm25,2016,5.8,5.8,20,20,orange,orange
Georgia Strait,Duncan Deykin Avenue,Duncan-Deykin,BAM1020,pm25,2017,6.4,6,26,20,orange,orange
Georgia Strait,Duncan Deykin Avenue,Duncan-Deykin,BAM1020,pm25,2018,7,6.3,27,19,orange,yellow
Georgia Strait,Duncan Deykin Avenue,Duncan-Deykin,BAM1020,pm25,2019,8,7.2,27,20,orange,orange
Georgia Strait,Duncan Deykin Avenue,Duncan-Deykin,BAM1020,pm25,2020,8,6.9,28,18,red,orange
Georgia Strait,Duncan Deykin Avenue,Duncan-Deykin,BAM1020,pm25,2021,6.7,6,24,15,orange,yellow
Georgia Strait,Duncan Deykin Avenue,Duncan-Deykin,BAM1020,pm25,2022,6.2,5.5,23,15,orange,yellow
Georgia Strait,Duncan Deykin Avenue,Duncan-Deykin,BAM1020,pm25,2023,5,4.9,15,15,yellow,yellow
Georgia Strait,Duncan Deykin Avenue,Duncan-Deykin,PM25_R&P_TEOM,pm25,2013,3.9,3.9,11,11,yellow,yellow
Georgia Strait,Duncan Deykin Avenue,Duncan-Deykin,PM25_R&P_TEOM,pm25,2014,NA,NA,NA,NA,NA,NA
Georgia Strait,Duncan Deykin Avenue,Duncan-Deykin,PM25_R&P_TEOM,pm25,2015,NA,NA,NA,NA,NA,NA
Georgia Strait,Duncan Deykin Avenue,Duncan-Deykin,PM25_R&P_TEOM,pm25,2016,NA,NA,NA,NA,NA,NA
Georgia Strait,Duncan Deykin Avenue,Duncan-Deykin,PM25_R&P_TEOM,pm25,2017,NA,NA,NA,NA,NA,NA
Georgia Strait,Duncan Deykin Avenue,Duncan-Deykin,PM25_R&P_TEOM,pm25,2018,NA,NA,NA,NA,NA,NA
Georgia Strait,Duncan Deykin Avenue,Duncan-Deykin,PM25_R&P_TEOM,pm25,2019,NA,NA,NA,NA,NA,NA
Georgia Strait,Duncan Deykin Avenue,Duncan-Deykin,PM25_R&P_TEOM,pm25,2020,NA,NA,NA,NA,NA,NA
Georgia Strait,Duncan Deykin Avenue,Duncan-Deykin,PM25_R&P_TEOM,pm25,2021,NA,NA,NA,NA,NA,NA
Georgia Strait,Duncan Deykin Avenue,Duncan-Deykin,PM25_R&P_TEOM,pm25,2022,NA,NA,NA,NA,NA,NA
Georgia Strait,Duncan Deykin Avenue,Duncan-Deykin,PM25_R&P_TEOM,pm25,2023,NA,NA,NA,NA,NA,NA
Georgia Strait,Elk Falls Dogwood,Campbell River,BAM1020,pm25,2013,NA,NA,NA,NA,NA,NA
Georgia Strait,Elk Falls Dogwood,Campbell River,BAM1020,pm25,2014,NA,NA,NA,NA,NA,NA
Georgia Strait,Elk Falls Dogwood,Campbell River,BAM1020,pm25,2015,8.6,8.5,26,26,orange,orange
Georgia Strait,Elk Falls Dogwood,Campbell River,BAM1020,pm25,2016,8.6,8.5,26,26,orange,orange
Georgia Strait,Elk Falls Dogwood,Campbell River,BAM1020,pm25,2017,8.3,8,25,22,orange,orange
Georgia Strait,Elk Falls Dogwood,Campbell River,BAM1020,pm25,2018,NA,NA,NA,NA,NA,NA
Georgia Strait,Elk Falls Dogwood,Campbell River,BAM1020,pm25,2019,7.2,7,20,18,orange,orange
Georgia Strait,Elk Falls Dogwood,Campbell River,BAM1020,pm25,2020,7.3,6.4,23,16,orange,yellow
Georgia Strait,Elk Falls Dogwood,Campbell River,BAM1020,pm25,2021,6.9,6.4,20,16,orange,yellow
Georgia Strait,Elk Falls Dogwood,Campbell River,BAM1020,pm25,2022,7.2,6.4,23,16,orange,yellow
Georgia Strait,Elk Falls Dogwood,Campbell River,BAM1020,pm25,2023,5,5,14,14,yellow,yellow
Georgia Strait,Elk Falls Dogwood,Campbell River,PM25_R&P_TEOM,pm25,2013,3.7,3.7,10,10,green,green
Georgia Strait,Elk Falls Dogwood,Campbell River,PM25_R&P_TEOM,pm25,2014,3.8,3.8,11,11,yellow,yellow
Georgia Strait,Elk Falls Dogwood,Campbell River,PM25_R&P_TEOM,pm25,2015,NA,NA,NA,NA,NA,NA
Georgia Strait,Elk Falls Dogwood,Campbell River,PM25_R&P_TEOM,pm25,2016,NA,NA,NA,NA,NA,NA
Georgia Strait,Elk Falls Dogwood,Campbell River,PM25_R&P_TEOM,pm25,2017,NA,NA,NA,NA,NA,NA
Georgia Strait,Elk Falls Dogwood,Campbell River,PM25_R&P_TEOM,pm25,2018,NA,NA,NA,NA,NA,NA
Georgia Strait,Elk Falls Dogwood,Campbell River,PM25_R&P_TEOM,pm25,2019,NA,NA,NA,NA,NA,NA
Georgia Strait,Elk Falls Dogwood,Campbell River,PM25_R&P_TEOM,pm25,2020,NA,NA,NA,NA,NA,NA
Georgia Strait,Elk Falls Dogwood,Campbell River,PM25_R&P_TEOM,pm25,2021,NA,NA,NA,NA,NA,NA
Georgia Strait,Elk Falls Dogwood,Campbell River,PM25_R&P_TEOM,pm25,2022,NA,NA,NA,NA,NA,NA
Georgia Strait,Elk Falls Dogwood,Campbell River,PM25_R&P_TEOM,pm25,2023,NA,NA,NA,NA,NA,NA
Georgia Strait,Langdale Elementary,Langdale,BAM1020,pm25,2013,5.7,5.7,14,14,yellow,yellow
Georgia Strait,Langdale Elementary,Langdale,BAM1020,pm25,2014,5.8,5.8,15,15,yellow,yellow
Georgia Strait,Langdale Elementary,Langdale,BAM1020,pm25,2015,6.1,5.9,15,14,yellow,yellow
Georgia Strait,Langdale Elementary,Langdale,BAM1020,pm25,2016,6.1,5.8,15,14,yellow,yellow
Georgia Strait,Langdale Elementary,Langdale,BAM1020,pm25,2017,7.8,6.7,36,15,red,orange
Georgia Strait,Langdale Elementary,Langdale,BAM1020,pm25,2018,9.2,7.7,48,19,red,orange
Georgia Strait,Langdale Elementary,Langdale,BAM1020,pm25,2019,7.3,6.3,35,16,red,yellow
Georgia Strait,Langdale Elementary,Langdale,BAM1020,pm25,2020,6.3,5.2,33,14,red,yellow
Georgia Strait,Langdale Elementary,Langdale,BAM1020,pm25,2021,5,3.9,31,11,red,yellow
Georgia Strait,Langdale Elementary,Langdale,BAM1020,pm25,2022,NA,NA,NA,NA,NA,NA
Georgia Strait,Langdale Elementary,Langdale,BAM1020,pm25,2023,NA,NA,NA,NA,NA,NA
Georgia Strait,Langdale Elementary,Langdale,PM25_T640,pm25,2013,NA,NA,NA,NA,NA,NA
Georgia Strait,Langdale Elementary,Langdale,PM25_T640,pm25,2014,NA,NA,NA,NA,NA,NA
Georgia Strait,Langdale Elementary,Langdale,PM25_T640,pm25,2015,NA,NA,NA,NA,NA,NA
Georgia Strait,Langdale Elementary,Langdale,PM25_T640,pm25,2016,NA,NA,NA,NA,NA,NA
Georgia Strait,Langdale Elementary,Langdale,PM25_T640,pm25,2017,NA,NA,NA,NA,NA,NA
Georgia Strait,Langdale Elementary,Langdale,PM25_T640,pm25,2018,NA,NA,NA,NA,NA,NA
Georgia Strait,Langdale Elementary,Langdale,PM25_T640,pm25,2019,NA,NA,NA,NA,NA,NA
Georgia Strait,Langdale Elementary,Langdale,PM25_T640,pm25,2020,NA,NA,NA,NA,NA,NA
Georgia Strait,Langdale Elementary,Langdale,PM25_T640,pm25,2021,NA,NA,NA,NA,NA,NA
Georgia Strait,Langdale Elementary,Langdale,PM25_T640,pm25,2022,NA,NA,NA,NA,NA,NA
Georgia Strait,Langdale Elementary,Langdale,PM25_T640,pm25,2023,6,5.6,20,17,orange,yellow
Georgia Strait,Nanaimo Labieux Road,Nanaimo,BAM1020,pm25,2013,NA,NA,NA,NA,NA,NA
Georgia Strait,Nanaimo Labieux Road,Nanaimo,BAM1020,pm25,2014,NA,NA,NA,NA,NA,NA
Georgia Strait,Nanaimo Labieux Road,Nanaimo,BAM1020,pm25,2015,4.8,4.6,15,14,yellow,yellow
Georgia Strait,Nanaimo Labieux Road,Nanaimo,BAM1020,pm25,2016,4.5,4.3,13,13,yellow,yellow
Georgia Strait,Nanaimo Labieux Road,Nanaimo,BAM1020,pm25,2017,4.6,4.1,20,12,orange,yellow
Georgia Strait,Nanaimo Labieux Road,Nanaimo,BAM1020,pm25,2018,5,4.2,21,12,orange,yellow
Georgia Strait,Nanaimo Labieux Road,Nanaimo,BAM1020,pm25,2019,5.1,4.3,22,13,orange,yellow
Georgia Strait,Nanaimo Labieux Road,Nanaimo,BAM1020,pm25,2020,5.3,4.1,23,11,orange,yellow
Georgia Strait,Nanaimo Labieux Road,Nanaimo,BAM1020,pm25,2021,5.4,4.7,22,11,orange,yellow
Georgia Strait,Nanaimo Labieux Road,Nanaimo,BAM1020,pm25,2022,5.8,5.1,24,12,orange,yellow
Georgia Strait,Nanaimo Labieux Road,Nanaimo,BAM1020,pm25,2023,5,5,14,13,yellow,yellow
Georgia Strait,Nanaimo Labieux Road,Nanaimo,PM25_R&P_TEOM,pm25,2013,3.4,3.4,9,9,green,green
Georgia Strait,Nanaimo Labieux Road,Nanaimo,PM25_R&P_TEOM,pm25,2014,3.6,3.6,10,10,green,green
Georgia Strait,Nanaimo Labieux Road,Nanaimo,PM25_R&P_TEOM,pm25,2015,NA,NA,NA,NA,NA,NA
Georgia Strait,Nanaimo Labieux Road,Nanaimo,PM25_R&P_TEOM,pm25,2016,NA,NA,NA,NA,NA,NA
Georgia Strait,Nanaimo Labieux Road,Nanaimo,PM25_R&P_TEOM,pm25,2017,NA,NA,NA,NA,NA,NA
Georgia Strait,Nanaimo Labieux Road,Nanaimo,PM25_R&P_TEOM,pm25,2018,NA,NA,NA,NA,NA,NA
Georgia Strait,Nanaimo Labieux Road,Nanaimo,PM25_R&P_TEOM,pm25,2019,NA,NA,NA,NA,NA,NA
Georgia Strait,Nanaimo Labieux Road,Nanaimo,PM25_R&P_TEOM,pm25,2020,NA,NA,NA,NA,NA,NA
Georgia Strait,Nanaimo Labieux Road,Nanaimo,PM25_R&P_TEOM,pm25,2021,NA,NA,NA,NA,NA,NA
Georgia Strait,Nanaimo Labieux Road,Nanaimo,PM25_R&P_TEOM,pm25,2022,NA,NA,NA,NA,NA,NA
Georgia Strait,Nanaimo Labieux Road,Nanaimo,PM25_R&P_TEOM,pm25,2023,NA,NA,NA,NA,NA,NA
Georgia Strait,Port Alberni Elementary,Port Alberni-Elem.School,BAM1020,pm25,2013,7.4,7.4,24,24,orange,orange
Georgia Strait,Port Alberni Elementary,Port Alberni-Elem.School,BAM1020,pm25,2014,7.5,7.5,28,28,orange,orange
Georgia Strait,Port Alberni Elementary,Port Alberni-Elem.School,BAM1020,pm25,2015,8.3,8.1,32,31,red,red
Georgia Strait,Port Alberni Elementary,Port Alberni-Elem.School,BAM1020,pm25,2016,7.9,7.8,30,29,red,red
Georgia Strait,Port Alberni Elementary,Port Alberni-Elem.School,BAM1020,pm25,2017,8.5,8.3,29,27,red,orange
Georgia Strait,Port Alberni Elementary,Port Alberni-Elem.School,BAM1020,pm25,2018,9.1,8.7,28,27,orange,orange
Georgia Strait,Port Alberni Elementary,Port Alberni-Elem.School,BAM1020,pm25,2019,9.7,9.3,28,27,orange,orange
Georgia Strait,Port Alberni Elementary,Port Alberni-Elem.School,BAM1020,pm25,2020,9.4,8.6,26,23,red,orange
Georgia Strait,Port Alberni Elementary,Port Alberni-Elem.School,BAM1020,pm25,2021,8.2,7.7,23,20,orange,orange
Georgia Strait,Port Alberni Elementary,Port Alberni-Elem.School,BAM1020,pm25,2022,7.8,7.2,24,21,orange,orange
Georgia Strait,Port Alberni Elementary,Port Alberni-Elem.School,BAM1020,pm25,2023,6.9,6.9,22,22,orange,orange
Georgia Strait,Powell River James Thomson School,Powell River-J Thomson,PM25_R&P_TEOM,pm25,2013,NA,NA,NA,NA,NA,NA
Georgia Strait,Powell River James Thomson School,Powell River-J Thomson,PM25_R&P_TEOM,pm25,2014,NA,NA,NA,NA,NA,NA
Georgia Strait,Powell River James Thomson School,Powell River-J Thomson,PM25_R&P_TEOM,pm25,2015,NA,NA,NA,NA,NA,NA
Georgia Strait,Powell River James Thomson School,Powell River-J Thomson,PM25_R&P_TEOM,pm25,2016,NA,NA,NA,NA,NA,NA
Georgia Strait,Powell River James Thomson School,Powell River-J Thomson,PM25_R&P_TEOM,pm25,2017,2.3,2,17,6,yellow,green
Georgia Strait,Powell River James Thomson School,Powell River-J Thomson,PM25_R&P_TEOM,pm25,2018,2.9,2.3,20,8,orange,green
Georgia Strait,Powell River James Thomson School,Powell River-J Thomson,PM25_R&P_TEOM,pm25,2019,3.1,2.5,20,8,orange,green
Georgia Strait,Powell River James Thomson School,Powell River-J Thomson,PM25_R&P_TEOM,pm25,2020,3.1,2.2,18,7,yellow,green
Georgia Strait,Powell River James Thomson School,Powell River-J Thomson,PM25_R&P_TEOM,pm25,2021,2.6,1.8,15,5,yellow,green
Georgia Strait,Powell River James Thomson School,Powell River-J Thomson,PM25_R&P_TEOM,pm25,2022,NA,NA,NA,NA,NA,NA
Georgia Strait,Powell River James Thomson School,Powell River-J Thomson,PM25_R&P_TEOM,pm25,2023,NA,NA,NA,NA,NA,NA
Georgia Strait,Powell River James Thomson School,Powell River-J Thomson,PM25_T640,pm25,2013,NA,NA,NA,NA,NA,NA
Georgia Strait,Powell River James Thomson School,Powell River-J Thomson,PM25_T640,pm25,2014,NA,NA,NA,NA,NA,NA
Georgia Strait,Powell River James Thomson School,Powell River-J Thomson,PM25_T640,pm25,2015,NA,NA,NA,NA,NA,NA
Georgia Strait,Powell River James Thomson School,Powell River-J Thomson,PM25_T640,pm25,2016,NA,NA,NA,NA,NA,NA
Georgia Strait,Powell River James Thomson School,Powell River-J Thomson,PM25_T640,pm25,2017,NA,NA,NA,NA,NA,NA
Georgia Strait,Powell River James Thomson School,Powell River-J Thomson,PM25_T640,pm25,2018,NA,NA,NA,NA,NA,NA
Georgia Strait,Powell River James Thomson School,Powell River-J Thomson,PM25_T640,pm25,2019,NA,NA,NA,NA,NA,NA
Georgia Strait,Powell River James Thomson School,Powell River-J Thomson,PM25_T640,pm25,2020,6.1,4.7,24,11,orange,yellow
Georgia Strait,Powell River James Thomson School,Powell River-J Thomson,PM25_T640,pm25,2021,5.7,4.8,20,11,orange,yellow
Georgia Strait,Powell River James Thomson School,Powell River-J Thomson,PM25_T640,pm25,2022,6.1,4.7,24,10,orange,yellow
Georgia Strait,Powell River James Thomson School,Powell River-J Thomson,PM25_T640,pm25,2023,NA,NA,NA,NA,NA,NA
Georgia Strait,Powell River Wildwood,Powell River-Wildwood,PM25_R&P_TEOM,pm25,2013,NA,NA,NA,NA,NA,NA
Georgia Strait,Powell River Wildwood,Powell River-Wildwood,PM25_R&P_TEOM,pm25,2014,2.7,2.7,9,9,green,green
Georgia Strait,Powell River Wildwood,Powell River-Wildwood,PM25_R&P_TEOM,pm25,2015,2.6,2.6,7,7,green,green
Georgia Strait,Powell River Wildwood,Powell River-Wildwood,PM25_R&P_TEOM,pm25,2016,2.6,2.6,7,7,green,green
Georgia Strait,Powell River Wildwood,Powell River-Wildwood,PM25_R&P_TEOM,pm25,2017,3.1,2.4,21,7,orange,green
Georgia Strait,Powell River Wildwood,Powell River-Wildwood,PM25_R&P_TEOM,pm25,2018,NA,NA,NA,NA,NA,NA
Georgia Strait,Powell River Wildwood,Powell River-Wildwood,PM25_R&P_TEOM,pm25,2019,NA,NA,NA,NA,NA,NA
Georgia Strait,Powell River Wildwood,Powell River-Wildwood,PM25_R&P_TEOM,pm25,2020,NA,NA,NA,NA,NA,NA
Georgia Strait,Powell River Wildwood,Powell River-Wildwood,PM25_R&P_TEOM,pm25,2021,NA,NA,NA,NA,NA,NA
Georgia Strait,Powell River Wildwood,Powell River-Wildwood,PM25_R&P_TEOM,pm25,2022,NA,NA,NA,NA,NA,NA
Georgia Strait,Powell River Wildwood,Powell River-Wildwood,PM25_R&P_TEOM,pm25,2023,NA,NA,NA,NA,NA,NA
Georgia Strait,Squamish Elementary,Squamish,BAM1020/SHARP,pm25,2013,NA,NA,NA,NA,NA,NA
Georgia Strait,Squamish Elementary,Squamish,BAM1020/SHARP,pm25,2014,NA,NA,NA,NA,NA,NA
Georgia Strait,Squamish Elementary,Squamish,BAM1020/SHARP,pm25,2015,NA,NA,NA,NA,NA,NA
Georgia Strait,Squamish Elementary,Squamish,BAM1020/SHARP,pm25,2016,NA,NA,NA,NA,NA,NA
Georgia Strait,Squamish Elementary,Squamish,BAM1020/SHARP,pm25,2017,5.5,4.4,40,11,red,yellow
Georgia Strait,Squamish Elementary,Squamish,BAM1020/SHARP,pm25,2018,6,4.8,41,13,red,yellow
Georgia Strait,Squamish Elementary,Squamish,BAM1020/SHARP,pm25,2019,6.3,5.1,42,14,red,yellow
Georgia Strait,Squamish Elementary,Squamish,BAM1020/SHARP,pm25,2020,6.4,5.2,34,14,red,yellow
Georgia Strait,Squamish Elementary,Squamish,BAM1020/SHARP,pm25,2021,5.8,5,25,12,orange,yellow
Georgia Strait,Squamish Elementary,Squamish,BAM1020/SHARP,pm25,2022,6.2,5.3,28,13,red,yellow
Georgia Strait,Squamish Elementary,Squamish,BAM1020/SHARP,pm25,2023,5.8,5.6,18,14,yellow,yellow
Georgia Strait,Squamish Gov t Bldg,Squamish,BAM1020,pm25,2013,6.5,6.5,15,15,orange,orange
Georgia Strait,Squamish Gov t Bldg,Squamish,BAM1020,pm25,2014,6.2,6.2,15,15,yellow,yellow
Georgia Strait,Squamish Gov t Bldg,Squamish,BAM1020,pm25,2015,6.7,6.5,18,15,orange,orange
Georgia Strait,Squamish Gov t Bldg,Squamish,BAM1020,pm25,2016,6.9,6.5,19,15,orange,orange
Georgia Strait,Squamish Gov t Bldg,Squamish,BAM1020,pm25,2017,NA,NA,NA,NA,NA,NA
Georgia Strait,Squamish Gov t Bldg,Squamish,BAM1020,pm25,2018,NA,NA,NA,NA,NA,NA
Georgia Strait,Squamish Gov t Bldg,Squamish,BAM1020,pm25,2019,NA,NA,NA,NA,NA,NA
Georgia Strait,Squamish Gov t Bldg,Squamish,BAM1020,pm25,2020,NA,NA,NA,NA,NA,NA
Georgia Strait,Squamish Gov t Bldg,Squamish,BAM1020,pm25,2021,NA,NA,NA,NA,NA,NA
Georgia Strait,Squamish Gov t Bldg,Squamish,BAM1020,pm25,2022,NA,NA,NA,NA,NA,NA
Georgia Strait,Squamish Gov t Bldg,Squamish,BAM1020,pm25,2023,NA,NA,NA,NA,NA,NA
Georgia Strait,Squamish Gov t Bldg,Squamish,PM25_R&P_TEOM,pm25,2013,3.8,3.8,11,11,yellow,yellow
Georgia Strait,Squamish Gov t Bldg,Squamish,PM25_R&P_TEOM,pm25,2014,3.9,3.9,12,12,yellow,yellow
Georgia Strait,Squamish Gov t Bldg,Squamish,PM25_R&P_TEOM,pm25,2015,4.1,3.8,13,11,yellow,yellow
Georgia Strait,Squamish Gov t Bldg,Squamish,PM25_R&P_TEOM,pm25,2016,4.1,3.8,13,11,yellow,yellow
Georgia Strait,Squamish Gov t Bldg,Squamish,PM25_R&P_TEOM,pm25,2017,NA,NA,NA,NA,NA,NA
Georgia Strait,Squamish Gov t Bldg,Squamish,PM25_R&P_TEOM,pm25,2018,NA,NA,NA,NA,NA,NA
Georgia Strait,Squamish Gov t Bldg,Squamish,PM25_R&P_TEOM,pm25,2019,NA,NA,NA,NA,NA,NA
Georgia Strait,Squamish Gov t Bldg,Squamish,PM25_R&P_TEOM,pm25,2020,NA,NA,NA,NA,NA,NA
Georgia Strait,Squamish Gov t Bldg,Squamish,PM25_R&P_TEOM,pm25,2021,NA,NA,NA,NA,NA,NA
Georgia Strait,Squamish Gov t Bldg,Squamish,PM25_R&P_TEOM,pm25,2022,NA,NA,NA,NA,NA,NA
Georgia Strait,Squamish Gov t Bldg,Squamish,PM25_R&P_TEOM,pm25,2023,NA,NA,NA,NA,NA,NA
Georgia Strait,Victoria Topaz,Victoria,BAM1020,pm25,2013,6.9,6.9,20,20,orange,orange
Georgia Strait,Victoria Topaz,Victoria,BAM1020,pm25,2014,6.4,6.4,19,19,yellow,yellow
Georgia Strait,Victoria Topaz,Victoria,BAM1020,pm25,2015,6.5,6.5,20,20,orange,orange
Georgia Strait,Victoria Topaz,Victoria,BAM1020,pm25,2016,5.5,5.5,16,16,yellow,yellow
Georgia Strait,Victoria Topaz,Victoria,BAM1020,pm25,2017,5.8,5.7,17,17,yellow,yellow
Georgia Strait,Victoria Topaz,Victoria,BAM1020,pm25,2018,6.7,6.3,20,17,orange,yellow
Georgia Strait,Victoria Topaz,Victoria,BAM1020,pm25,2019,7.7,7.3,22,19,orange,orange
Georgia Strait,Victoria Topaz,Victoria,BAM1020,pm25,2020,7.9,6.8,31,17,red,orange
Georgia Strait,Victoria Topaz,Victoria,BAM1020,pm25,2021,7.4,6.2,34,16,red,yellow
Georgia Strait,Victoria Topaz,Victoria,BAM1020,pm25,2022,7,6.1,27,15,orange,yellow
Georgia Strait,Victoria Topaz,Victoria,BAM1020,pm25,2023,6.5,6.4,16,15,orange,yellow
Georgia Strait,Whistler Meadow Park,Whistler,BAM1020,pm25,2013,5.8,5.8,18,18,yellow,yellow
Georgia Strait,Whistler Meadow Park,Whistler,BAM1020,pm25,2014,5.2,5.2,18,18,yellow,yellow
Georgia Strait,Whistler Meadow Park,Whistler,BAM1020,pm25,2015,6.3,5.7,18,17,yellow,yellow
Georgia Strait,Whistler Meadow Park,Whistler,BAM1020,pm25,2016,6.7,6.1,17,17,orange,yellow
Georgia Strait,Whistler Meadow Park,Whistler,BAM1020,pm25,2017,8.5,6.9,41,18,red,orange
Georgia Strait,Whistler Meadow Park,Whistler,BAM1020,pm25,2018,8.3,6.5,56,18,red,orange
Georgia Strait,Whistler Meadow Park,Whistler,BAM1020,pm25,2019,7.9,6,55,17,red,yellow
Georgia Strait,Whistler Meadow Park,Whistler,BAM1020,pm25,2020,6.6,5.3,38,15,red,yellow
Georgia Strait,Whistler Meadow Park,Whistler,BAM1020,pm25,2021,5.5,4.8,22,14,orange,yellow
Georgia Strait,Whistler Meadow Park,Whistler,BAM1020,pm25,2022,5.5,4.7,24,14,orange,yellow
Georgia Strait,Whistler Meadow Park,Whistler,BAM1020,pm25,2023,4.9,4.7,18,15,yellow,yellow
Georgia Strait,Whistler Meadow Park,Whistler,PM25_R&P_TEOM,pm25,2013,3.4,3.4,10,10,green,green
Georgia Strait,Whistler Meadow Park,Whistler,PM25_R&P_TEOM,pm25,2014,3.4,3.4,11,11,yellow,yellow
Georgia Strait,Whistler Meadow Park,Whistler,PM25_R&P_TEOM,pm25,2015,4.1,3.5,11,11,yellow,yellow
Georgia Strait,Whistler Meadow Park,Whistler,PM25_R&P_TEOM,pm25,2016,4.4,3.5,12,11,yellow,yellow
Georgia Strait,Whistler Meadow Park,Whistler,PM25_R&P_TEOM,pm25,2017,NA,NA,NA,NA,NA,NA
Georgia Strait,Whistler Meadow Park,Whistler,PM25_R&P_TEOM,pm25,2018,NA,NA,NA,NA,NA,NA
Georgia Strait,Whistler Meadow Park,Whistler,PM25_R&P_TEOM,pm25,2019,NA,NA,NA,NA,NA,NA
Georgia Strait,Whistler Meadow Park,Whistler,PM25_R&P_TEOM,pm25,2020,NA,NA,NA,NA,NA,NA
Georgia Strait,Whistler Meadow Park,Whistler,PM25_R&P_TEOM,pm25,2021,NA,NA,NA,NA,NA,NA
Georgia Strait,Whistler Meadow Park,Whistler,PM25_R&P_TEOM,pm25,2022,NA,NA,NA,NA,NA,NA
Georgia Strait,Whistler Meadow Park,Whistler,PM25_R&P_TEOM,pm25,2023,NA,NA,NA,NA,NA,NA
Lower Fraser Valley,Abbotsford A Columbia Street,Abbotsford-Airport,PM25 SHARP5030,pm25,2013,NA,NA,NA,NA,NA,NA
Lower Fraser Valley,Abbotsford A Columbia Street,Abbotsford-Airport,PM25 SHARP5030,pm25,2014,6.2,6.2,16,16,yellow,yellow
Lower Fraser Valley,Abbotsford A Columbia Street,Abbotsford-Airport,PM25 SHARP5030,pm25,2015,6.4,6.3,18,17,yellow,yellow
Lower Fraser Valley,Abbotsford A Columbia Street,Abbotsford-Airport,PM25 SHARP5030,pm25,2016,5.9,5.8,18,17,yellow,yellow
Lower Fraser Valley,Abbotsford A Columbia Street,Abbotsford-Airport,PM25 SHARP5030,pm25,2017,6,5.5,23,16,orange,yellow
Lower Fraser Valley,Abbotsford A Columbia Street,Abbotsford-Airport,PM25 SHARP5030,pm25,2018,6.2,5.4,26,16,orange,yellow
Lower Fraser Valley,Abbotsford A Columbia Street,Abbotsford-Airport,PM25 SHARP5030,pm25,2019,6.4,5.7,26,17,orange,yellow
Lower Fraser Valley,Abbotsford A Columbia Street,Abbotsford-Airport,PM25 SHARP5030,pm25,2020,6.6,5.6,23,17,orange,yellow
Lower Fraser Valley,Abbotsford A Columbia Street,Abbotsford-Airport,PM25 SHARP5030,pm25,2021,5.7,5,18,15,yellow,yellow
Lower Fraser Valley,Abbotsford A Columbia Street,Abbotsford-Airport,PM25 SHARP5030,pm25,2022,6.2,5,22,15,orange,yellow
Lower Fraser Valley,Abbotsford A Columbia Street,Abbotsford-Airport,PM25 SHARP5030,pm25,2023,5.9,5.3,20,15,orange,yellow
Lower Fraser Valley,Abbotsford Central,Abbotsford-Mill Lake,PM25 SHARP5030,pm25,2013,5.3,5.3,14,14,yellow,yellow
Lower Fraser Valley,Abbotsford Central,Abbotsford-Mill Lake,PM25 SHARP5030,pm25,2014,6.1,6.1,16,16,yellow,yellow
Lower Fraser Valley,Abbotsford Central,Abbotsford-Mill Lake,PM25 SHARP5030,pm25,2015,6.9,6.9,18,18,orange,orange
Lower Fraser Valley,Abbotsford Central,Abbotsford-Mill Lake,PM25 SHARP5030,pm25,2016,5.8,5.8,16,16,yellow,yellow
Lower Fraser Valley,Abbotsford Central,Abbotsford-Mill Lake,PM25 SHARP5030,pm25,2017,6,5.7,22,15,orange,yellow
Lower Fraser Valley,Abbotsford Central,Abbotsford-Mill Lake,PM25 SHARP5030,pm25,2018,6.2,5.5,26,14,orange,yellow
Lower Fraser Valley,Abbotsford Central,Abbotsford-Mill Lake,PM25 SHARP5030,pm25,2019,6.3,5.6,27,15,orange,yellow
Lower Fraser Valley,Abbotsford Central,Abbotsford-Mill Lake,PM25 SHARP5030,pm25,2020,6,5.3,21,15,orange,yellow
Lower Fraser Valley,Abbotsford Central,Abbotsford-Mill Lake,PM25 SHARP5030,pm25,2021,5.3,4.9,14,13,yellow,yellow
Lower Fraser Valley,Abbotsford Central,Abbotsford-Mill Lake,PM25 SHARP5030,pm25,2022,5.8,5,17,14,yellow,yellow
Lower Fraser Valley,Abbotsford Central,Abbotsford-Mill Lake,PM25 SHARP5030,pm25,2023,5.8,5.2,17,15,yellow,yellow
Lower Fraser Valley,Agassiz Municipal Hall,Agassiz,PM25_SHARP5030i,pm25,2013,NA,NA,NA,NA,NA,NA
Lower Fraser Valley,Agassiz Municipal Hall,Agassiz,PM25_SHARP5030i,pm25,2014,NA,NA,NA,NA,NA,NA
Lower Fraser Valley,Agassiz Municipal Hall,Agassiz,PM25_SHARP5030i,pm25,2015,6,5.9,16,15,yellow,yellow
Lower Fraser Valley,Agassiz Municipal Hall,Agassiz,PM25_SHARP5030i,pm25,2016,5.7,5.6,14,14,yellow,yellow
Lower Fraser Valley,Agassiz Municipal Hall,Agassiz,PM25_SHARP5030i,pm25,2017,6.1,5.4,28,14,orange,yellow
Lower Fraser Valley,Agassiz Municipal Hall,Agassiz,PM25_SHARP5030i,pm25,2018,6.5,5.4,32,15,red,yellow
Lower Fraser Valley,Agassiz Municipal Hall,Agassiz,PM25_SHARP5030i,pm25,2019,6.6,5.5,32,15,red,yellow
Lower Fraser Valley,Agassiz Municipal Hall,Agassiz,PM25_SHARP5030i,pm25,2020,6.5,5.5,29,15,red,yellow
Lower Fraser Valley,Agassiz Municipal Hall,Agassiz,PM25_SHARP5030i,pm25,2021,6,5.1,26,13,orange,yellow
Lower Fraser Valley,Agassiz Municipal Hall,Agassiz,PM25_SHARP5030i,pm25,2022,7,5.4,38,15,red,yellow
Lower Fraser Valley,Agassiz Municipal Hall,Agassiz,PM25_SHARP5030i,pm25,2023,6.8,5.8,28,17,red,yellow
Lower Fraser Valley,Burnaby Kensington Park,Burnaby-Kensington Park,PM25 SHARP5030,pm25,2013,NA,NA,NA,NA,NA,NA
Lower Fraser Valley,Burnaby Kensington Park,Burnaby-Kensington Park,PM25 SHARP5030,pm25,2014,NA,NA,NA,NA,NA,NA
Lower Fraser Valley,Burnaby Kensington Park,Burnaby-Kensington Park,PM25 SHARP5030,pm25,2015,6.5,6.3,15,15,orange,yellow
Lower Fraser Valley,Burnaby Kensington Park,Burnaby-Kensington Park,PM25 SHARP5030,pm25,2016,5.8,5.7,14,13,yellow,yellow
Lower Fraser Valley,Burnaby Kensington Park,Burnaby-Kensington Park,PM25 SHARP5030,pm25,2017,5.8,5.1,24,12,orange,yellow
Lower Fraser Valley,Burnaby Kensington Park,Burnaby-Kensington Park,PM25 SHARP5030,pm25,2018,5.7,4.8,30,13,red,yellow
Lower Fraser Valley,Burnaby Kensington Park,Burnaby-Kensington Park,PM25 SHARP5030,pm25,2019,5.7,4.8,30,13,red,yellow
Lower Fraser Valley,Burnaby Kensington Park,Burnaby-Kensington Park,PM25 SHARP5030,pm25,2020,5.6,4.5,32,12,red,yellow
Lower Fraser Valley,Burnaby Kensington Park,Burnaby-Kensington Park,PM25 SHARP5030,pm25,2021,5,4.2,24,10,orange,yellow
Lower Fraser Valley,Burnaby Kensington Park,Burnaby-Kensington Park,PM25 SHARP5030,pm25,2022,5.3,4.3,27,12,orange,yellow
Lower Fraser Valley,Burnaby Kensington Park,Burnaby-Kensington Park,PM25 SHARP5030,pm25,2023,4.9,4.6,16,14,yellow,yellow
Lower Fraser Valley,Burnaby South,Burnaby-South,PM25 SHARP5030,pm25,2013,4.6,4.6,11,11,yellow,yellow
Lower Fraser Valley,Burnaby South,Burnaby-South,PM25 SHARP5030,pm25,2014,5.4,5.4,14,14,yellow,yellow
Lower Fraser Valley,Burnaby South,Burnaby-South,PM25 SHARP5030,pm25,2015,6.4,6.3,15,15,yellow,yellow
Lower Fraser Valley,Burnaby South,Burnaby-South,PM25 SHARP5030,pm25,2016,5.9,5.8,15,14,yellow,yellow
Lower Fraser Valley,Burnaby South,Burnaby-South,PM25 SHARP5030,pm25,2017,5.9,5.4,20,14,orange,yellow
Lower Fraser Valley,Burnaby South,Burnaby-South,PM25 SHARP5030,pm25,2018,5.7,5,23,14,orange,yellow
Lower Fraser Valley,Burnaby South,Burnaby-South,PM25 SHARP5030,pm25,2019,5.9,5.1,23,14,orange,yellow
Lower Fraser Valley,Burnaby South,Burnaby-South,PM25 SHARP5030,pm25,2020,5.8,5,18,13,yellow,yellow
Lower Fraser Valley,Burnaby South,Burnaby-South,PM25 SHARP5030,pm25,2021,5.2,4.7,14,12,yellow,yellow
Lower Fraser Valley,Burnaby South,Burnaby-South,PM25 SHARP5030,pm25,2022,5.4,4.8,16,14,yellow,yellow
Lower Fraser Valley,Burnaby South,Burnaby-South,PM25 SHARP5030,pm25,2023,5.2,5,17,16,yellow,yellow
Lower Fraser Valley,Chilliwack Airport,Chilliwack,PM25 SHARP5030,pm25,2013,4.6,4.6,11,11,yellow,yellow
Lower Fraser Valley,Chilliwack Airport,Chilliwack,PM25 SHARP5030,pm25,2014,5,5,13,13,yellow,yellow
Lower Fraser Valley,Chilliwack Airport,Chilliwack,PM25 SHARP5030,pm25,2015,5.8,5.7,16,15,yellow,yellow
Lower Fraser Valley,Chilliwack Airport,Chilliwack,PM25 SHARP5030,pm25,2016,5.4,5.3,15,15,yellow,yellow
Lower Fraser Valley,Chilliwack Airport,Chilliwack,PM25 SHARP5030,pm25,2017,6,5.3,27,14,orange,yellow
Lower Fraser Valley,Chilliwack Airport,Chilliwack,PM25 SHARP5030,pm25,2018,6.4,5.2,37,14,red,yellow
Lower Fraser Valley,Chilliwack Airport,Chilliwack,PM25 SHARP5030,pm25,2019,7,5.8,39,16,red,yellow
Lower Fraser Valley,Chilliwack Airport,Chilliwack,PM25 SHARP5030,pm25,2020,6.6,5.6,28,15,red,yellow
Lower Fraser Valley,Chilliwack Airport,Chilliwack,PM25 SHARP5030,pm25,2021,5.9,5.1,16,13,yellow,yellow
Lower Fraser Valley,Chilliwack Airport,Chilliwack,PM25 SHARP5030,pm25,2022,6.5,4.9,28,15,red,yellow
Lower Fraser Valley,Chilliwack Airport,Chilliwack,PM25 SHARP5030,pm25,2023,6.6,5.4,29,18,red,yellow
Lower Fraser Valley,Hope Airport,Hope,PM25 SHARP5030,pm25,2013,4.1,4.1,11,11,yellow,yellow
Lower Fraser Valley,Hope Airport,Hope,PM25 SHARP5030,pm25,2014,4.7,4.7,14,14,yellow,yellow
Lower Fraser Valley,Hope Airport,Hope,PM25 SHARP5030,pm25,2015,5.6,5.4,17,16,yellow,yellow
Lower Fraser Valley,Hope Airport,Hope,PM25 SHARP5030,pm25,2016,5.4,5.2,16,15,yellow,yellow
Lower Fraser Valley,Hope Airport,Hope,PM25 SHARP5030,pm25,2017,6.1,5.1,32,14,red,yellow
Lower Fraser Valley,Hope Airport,Hope,PM25 SHARP5030,pm25,2018,6.7,4.9,46,14,red,yellow
Lower Fraser Valley,Hope Airport,Hope,PM25 SHARP5030,pm25,2019,6.8,5,45,14,red,yellow
Lower Fraser Valley,Hope Airport,Hope,PM25 SHARP5030,pm25,2020,6.4,4.9,31,13,red,yellow
Lower Fraser Valley,Hope Airport,Hope,PM25 SHARP5030,pm25,2021,5.6,4.7,15,11,yellow,yellow
Lower Fraser Valley,Hope Airport,Hope,PM25 SHARP5030,pm25,2022,6.9,5,32,14,red,yellow
Lower Fraser Valley,Hope Airport,Hope,PM25 SHARP5030,pm25,2023,7.1,5.8,38,22,red,orange
Lower Fraser Valley,Horseshoe Bay,Horseshoe Bay,PM25 SHARP5030,pm25,2013,3.9,3.9,9,9,green,green
Lower Fraser Valley,Horseshoe Bay,Horseshoe Bay,PM25 SHARP5030,pm25,2014,4.2,4.2,11,11,yellow,yellow
Lower Fraser Valley,Horseshoe Bay,Horseshoe Bay,PM25 SHARP5030,pm25,2015,4.7,4.5,12,11,yellow,yellow
Lower Fraser Valley,Horseshoe Bay,Horseshoe Bay,PM25 SHARP5030,pm25,2016,4.4,4.2,11,10,yellow,yellow
Lower Fraser Valley,Horseshoe Bay,Horseshoe Bay,PM25 SHARP5030,pm25,2017,4.5,3.9,20,10,orange,green
Lower Fraser Valley,Horseshoe Bay,Horseshoe Bay,PM25 SHARP5030,pm25,2018,4.7,3.8,30,11,red,yellow
Lower Fraser Valley,Horseshoe Bay,Horseshoe Bay,PM25 SHARP5030,pm25,2019,4.8,3.9,30,12,red,yellow
Lower Fraser Valley,Horseshoe Bay,Horseshoe Bay,PM25 SHARP5030,pm25,2020,4.9,3.9,31,11,red,yellow
Lower Fraser Valley,Horseshoe Bay,Horseshoe Bay,PM25 SHARP5030,pm25,2021,4.6,3.8,27,10,orange,green
Lower Fraser Valley,Horseshoe Bay,Horseshoe Bay,PM25 SHARP5030,pm25,2022,5.1,4.1,31,12,red,yellow
Lower Fraser Valley,Horseshoe Bay,Horseshoe Bay,PM25 SHARP5030,pm25,2023,4.8,4.6,16,14,yellow,yellow
Lower Fraser Valley,Langley Central,Langley,PM25 SHARP5030,pm25,2013,5.2,5.2,14,14,yellow,yellow
Lower Fraser Valley,Langley Central,Langley,PM25 SHARP5030,pm25,2014,5.9,5.9,16,16,yellow,yellow
Lower Fraser Valley,Langley Central,Langley,PM25 SHARP5030,pm25,2015,6.9,6.8,20,20,orange,orange
Lower Fraser Valley,Langley Central,Langley,PM25 SHARP5030,pm25,2016,6.3,6.2,19,19,yellow,yellow
Lower Fraser Valley,Langley Central,Langley,PM25 SHARP5030,pm25,2017,6.3,6,24,19,orange,yellow
Lower Fraser Valley,Langley Central,Langley,PM25 SHARP5030,pm25,2018,6.2,5.6,26,18,orange,yellow
Lower Fraser Valley,Langley Central,Langley,PM25 SHARP5030,pm25,2019,6.4,5.8,27,19,orange,yellow
Lower Fraser Valley,Langley Central,Langley,PM25 SHARP5030,pm25,2020,6.4,5.4,30,18,red,yellow
Lower Fraser Valley,Langley Central,Langley,PM25 SHARP5030,pm25,2021,5.6,4.9,24,15,orange,yellow
Lower Fraser Valley,Langley Central,Langley,PM25 SHARP5030,pm25,2022,5.5,4.6,25,15,orange,yellow
Lower Fraser Valley,Langley Central,Langley,PM25 SHARP5030,pm25,2023,5.2,4.9,20,18,orange,yellow
Lower Fraser Valley,Mission School Works Yard,Mission,PM25_SHARP5030i,pm25,2013,NA,NA,NA,NA,NA,NA
Lower Fraser Valley,Mission School Works Yard,Mission,PM25_SHARP5030i,pm25,2014,NA,NA,NA,NA,NA,NA
Lower Fraser Valley,Mission School Works Yard,Mission,PM25_SHARP5030i,pm25,2015,NA,NA,NA,NA,NA,NA
Lower Fraser Valley,Mission School Works Yard,Mission,PM25_SHARP5030i,pm25,2016,5.8,5.7,15,14,yellow,yellow
Lower Fraser Valley,Mission School Works Yard,Mission,PM25_SHARP5030i,pm25,2017,5.8,5.7,26,14,orange,yellow
Lower Fraser Valley,Mission School Works Yard,Mission,PM25_SHARP5030i,pm25,2018,6.4,5.8,33,16,red,yellow
Lower Fraser Valley,Mission School Works Yard,Mission,PM25_SHARP5030i,pm25,2019,6.8,6.2,34,18,red,yellow
Lower Fraser Valley,Mission School Works Yard,Mission,PM25_SHARP5030i,pm25,2020,7,5.9,36,17,red,yellow
Lower Fraser Valley,Mission School Works Yard,Mission,PM25_SHARP5030i,pm25,2021,6.3,5.5,28,15,red,yellow
Lower Fraser Valley,Mission School Works Yard,Mission,PM25_SHARP5030i,pm25,2022,6.8,5.6,33,15,red,yellow
Lower Fraser Valley,Mission School Works Yard,Mission,PM25_SHARP5030i,pm25,2023,6.3,5.7,23,17,orange,yellow
Lower Fraser Valley,New Westminster Sapperton Park,New Westminster,PM25_SHARP5030i,pm25,2013,NA,NA,NA,NA,NA,NA
Lower Fraser Valley,New Westminster Sapperton Park,New Westminster,PM25_SHARP5030i,pm25,2014,NA,NA,NA,NA,NA,NA
Lower Fraser Valley,New Westminster Sapperton Park,New Westminster,PM25_SHARP5030i,pm25,2015,NA,NA,NA,NA,NA,NA
Lower Fraser Valley,New Westminster Sapperton Park,New Westminster,PM25_SHARP5030i,pm25,2016,NA,NA,NA,NA,NA,NA
Lower Fraser Valley,New Westminster Sapperton Park,New Westminster,PM25_SHARP5030i,pm25,2017,6.8,6.3,24,15,orange,yellow
Lower Fraser Valley,New Westminster Sapperton Park,New Westminster,PM25_SHARP5030i,pm25,2018,7.2,6.4,27,17,orange,yellow
Lower Fraser Valley,New Westminster Sapperton Park,New Westminster,PM25_SHARP5030i,pm25,2019,7.2,6.5,27,17,orange,orange
Lower Fraser Valley,New Westminster Sapperton Park,New Westminster,PM25_SHARP5030i,pm25,2020,6.9,6.3,21,16,orange,yellow
Lower Fraser Valley,New Westminster Sapperton Park,New Westminster,PM25_SHARP5030i,pm25,2021,6.1,5.8,15,12,yellow,yellow
Lower Fraser Valley,New Westminster Sapperton Park,New Westminster,PM25_SHARP5030i,pm25,2022,6.4,5.8,18,14,yellow,yellow
Lower Fraser Valley,New Westminster Sapperton Park,New Westminster,PM25_SHARP5030i,pm25,2023,6.2,5.9,16,14,yellow,yellow
Lower Fraser Valley,North Delta,North Delta,PM25 SHARP5030,pm25,2013,5.1,5.1,13,13,yellow,yellow
Lower Fraser Valley,North Delta,North Delta,PM25 SHARP5030,pm25,2014,5.6,5.6,14,14,yellow,yellow
Lower Fraser Valley,North Delta,North Delta,PM25 SHARP5030,pm25,2015,6.2,6.1,15,15,yellow,yellow
Lower Fraser Valley,North Delta,North Delta,PM25 SHARP5030,pm25,2016,5.6,5.5,14,14,yellow,yellow
Lower Fraser Valley,North Delta,North Delta,PM25 SHARP5030,pm25,2017,5.6,5.3,19,14,yellow,yellow
Lower Fraser Valley,North Delta,North Delta,PM25 SHARP5030,pm25,2018,5.9,5.2,23,15,orange,yellow
Lower Fraser Valley,North Delta,North Delta,PM25 SHARP5030,pm25,2019,6.5,5.8,24,16,orange,yellow
Lower Fraser Valley,North Delta,North Delta,PM25 SHARP5030,pm25,2020,6.3,5.5,22,15,orange,yellow
Lower Fraser Valley,North Delta,North Delta,PM25 SHARP5030,pm25,2021,6.1,5.4,19,13,yellow,yellow
Lower Fraser Valley,North Delta,North Delta,PM25 SHARP5030,pm25,2022,6.2,5.3,21,15,orange,yellow
Lower Fraser Valley,North Delta,North Delta,PM25 SHARP5030,pm25,2023,5.7,5.5,16,15,yellow,yellow
Lower Fraser Valley,North Vancouver Mahon Park,N.Vancouver-Mahon Park,PM25 SHARP5030,pm25,2013,4.5,4.5,12,12,yellow,yellow
Lower Fraser Valley,North Vancouver Mahon Park,N.Vancouver-Mahon Park,PM25 SHARP5030,pm25,2014,4.7,4.7,13,13,yellow,yellow
Lower Fraser Valley,North Vancouver Mahon Park,N.Vancouver-Mahon Park,PM25 SHARP5030,pm25,2015,5.3,5.1,13,13,yellow,yellow
Lower Fraser Valley,North Vancouver Mahon Park,N.Vancouver-Mahon Park,PM25 SHARP5030,pm25,2016,4.9,4.8,12,12,yellow,yellow
Lower Fraser Valley,North Vancouver Mahon Park,N.Vancouver-Mahon Park,PM25 SHARP5030,pm25,2017,5.3,4.6,24,12,orange,yellow
Lower Fraser Valley,North Vancouver Mahon Park,N.Vancouver-Mahon Park,PM25 SHARP5030,pm25,2018,5.6,4.7,31,14,red,yellow
Lower Fraser Valley,North Vancouver Mahon Park,N.Vancouver-Mahon Park,PM25 SHARP5030,pm25,2019,5.8,4.8,32,14,red,yellow
Lower Fraser Valley,North Vancouver Mahon Park,N.Vancouver-Mahon Park,PM25 SHARP5030,pm25,2020,5.6,4.6,35,13,red,yellow
Lower Fraser Valley,North Vancouver Mahon Park,N.Vancouver-Mahon Park,PM25 SHARP5030,pm25,2021,4.8,4.1,27,10,orange,yellow
Lower Fraser Valley,North Vancouver Mahon Park,N.Vancouver-Mahon Park,PM25 SHARP5030,pm25,2022,5.1,4.2,30,12,red,yellow
Lower Fraser Valley,North Vancouver Mahon Park,N.Vancouver-Mahon Park,PM25 SHARP5030,pm25,2023,4.7,4.4,15,13,yellow,yellow
Lower Fraser Valley,North Vancouver Second Narrows,N.Vancouver-2nd Narrows,PM25 SHARP5030,pm25,2013,5.4,5.4,12,12,yellow,yellow
Lower Fraser Valley,North Vancouver Second Narrows,N.Vancouver-2nd Narrows,PM25 SHARP5030,pm25,2014,6.5,6.5,15,15,orange,orange
Lower Fraser Valley,North Vancouver Second Narrows,N.Vancouver-2nd Narrows,PM25 SHARP5030,pm25,2015,6.4,6.3,15,14,yellow,yellow
Lower Fraser Valley,North Vancouver Second Narrows,N.Vancouver-2nd Narrows,PM25 SHARP5030,pm25,2016,6.1,6,13,13,yellow,yellow
Lower Fraser Valley,North Vancouver Second Narrows,N.Vancouver-2nd Narrows,PM25 SHARP5030,pm25,2017,6.4,5.8,25,12,orange,yellow
Lower Fraser Valley,North Vancouver Second Narrows,N.Vancouver-2nd Narrows,PM25 SHARP5030,pm25,2018,6.9,5.9,30,14,red,yellow
Lower Fraser Valley,North Vancouver Second Narrows,N.Vancouver-2nd Narrows,PM25 SHARP5030,pm25,2019,NA,NA,NA,NA,NA,NA
Lower Fraser Valley,North Vancouver Second Narrows,N.Vancouver-2nd Narrows,PM25 SHARP5030,pm25,2020,NA,NA,NA,NA,NA,NA
Lower Fraser Valley,North Vancouver Second Narrows,N.Vancouver-2nd Narrows,PM25 SHARP5030,pm25,2021,NA,NA,NA,NA,NA,NA
Lower Fraser Valley,North Vancouver Second Narrows,N.Vancouver-2nd Narrows,PM25 SHARP5030,pm25,2022,6.6,5.9,20,15,orange,yellow
Lower Fraser Valley,North Vancouver Second Narrows,N.Vancouver-2nd Narrows,PM25 SHARP5030,pm25,2023,6.5,6.3,20,18,orange,yellow
Lower Fraser Valley,Pitt Meadows Meadowlands School,Pitt Meadows,PM25 SHARP5030,pm25,2013,4.1,4.1,11,11,yellow,yellow
Lower Fraser Valley,Pitt Meadows Meadowlands School,Pitt Meadows,PM25 SHARP5030,pm25,2014,5,5,15,15,yellow,yellow
Lower Fraser Valley,Pitt Meadows Meadowlands School,Pitt Meadows,PM25 SHARP5030,pm25,2015,5.8,5.7,17,17,yellow,yellow
Lower Fraser Valley,Pitt Meadows Meadowlands School,Pitt Meadows,PM25 SHARP5030,pm25,2016,5.1,5.1,16,15,yellow,yellow
Lower Fraser Valley,Pitt Meadows Meadowlands School,Pitt Meadows,PM25 SHARP5030,pm25,2017,5.2,4.7,23,15,orange,yellow
Lower Fraser Valley,Pitt Meadows Meadowlands School,Pitt Meadows,PM25 SHARP5030,pm25,2018,5.6,4.8,28,15,orange,yellow
Lower Fraser Valley,Pitt Meadows Meadowlands School,Pitt Meadows,PM25 SHARP5030,pm25,2019,6.1,5.3,28,15,orange,yellow
Lower Fraser Valley,Pitt Meadows Meadowlands School,Pitt Meadows,PM25 SHARP5030,pm25,2020,6.1,5.1,31,15,red,yellow
Lower Fraser Valley,Pitt Meadows Meadowlands School,Pitt Meadows,PM25 SHARP5030,pm25,2021,5.3,4.5,24,12,orange,yellow
Lower Fraser Valley,Pitt Meadows Meadowlands School,Pitt Meadows,PM25 SHARP5030,pm25,2022,5.3,4.4,26,13,orange,yellow
Lower Fraser Valley,Pitt Meadows Meadowlands School,Pitt Meadows,PM25 SHARP5030,pm25,2023,4.7,4.5,15,14,yellow,yellow
Lower Fraser Valley,Port Moody Rocky Point Park,Port Moody,PM25 SHARP5030,pm25,2013,5.1,5.1,13,13,yellow,yellow
Lower Fraser Valley,Port Moody Rocky Point Park,Port Moody,PM25 SHARP5030,pm25,2014,5.8,5.8,15,15,yellow,yellow
Lower Fraser Valley,Port Moody Rocky Point Park,Port Moody,PM25 SHARP5030,pm25,2015,6.4,6.2,14,14,yellow,yellow
Lower Fraser Valley,Port Moody Rocky Point Park,Port Moody,PM25 SHARP5030,pm25,2016,5.9,5.7,13,13,yellow,yellow
Lower Fraser Valley,Port Moody Rocky Point Park,Port Moody,PM25 SHARP5030,pm25,2017,6,5.4,23,12,orange,yellow
Lower Fraser Valley,Port Moody Rocky Point Park,Port Moody,PM25 SHARP5030,pm25,2018,6.1,5.2,29,13,red,yellow
Lower Fraser Valley,Port Moody Rocky Point Park,Port Moody,PM25 SHARP5030,pm25,2019,6.1,5.2,29,13,red,yellow
Lower Fraser Valley,Port Moody Rocky Point Park,Port Moody,PM25 SHARP5030,pm25,2020,6,4.9,33,13,red,yellow
Lower Fraser Valley,Port Moody Rocky Point Park,Port Moody,PM25 SHARP5030,pm25,2021,5.4,4.6,25,11,orange,yellow
Lower Fraser Valley,Port Moody Rocky Point Park,Port Moody,PM25 SHARP5030,pm25,2022,5.6,4.7,28,13,red,yellow
Lower Fraser Valley,Port Moody Rocky Point Park,Port Moody,PM25 SHARP5030,pm25,2023,5.1,4.9,15,14,yellow,yellow
Lower Fraser Valley,Richmond South,Richmond-South,PM25 SHARP5030,pm25,2013,5.6,5.6,14,14,yellow,yellow
Lower Fraser Valley,Richmond South,Richmond-South,PM25 SHARP5030,pm25,2014,6.4,6.4,17,17,yellow,yellow
Lower Fraser Valley,Richmond South,Richmond-South,PM25 SHARP5030,pm25,2015,6.3,6.2,17,17,yellow,yellow
Lower Fraser Valley,Richmond South,Richmond-South,PM25 SHARP5030,pm25,2016,5.6,5.6,16,16,yellow,yellow
Lower Fraser Valley,Richmond South,Richmond-South,PM25 SHARP5030,pm25,2017,5.7,5.6,17,16,yellow,yellow
Lower Fraser Valley,Richmond South,Richmond-South,PM25 SHARP5030,pm25,2018,6.1,5.6,22,16,orange,yellow
Lower Fraser Valley,Richmond South,Richmond-South,PM25 SHARP5030,pm25,2019,6.5,6,22,17,orange,yellow
Lower Fraser Valley,Richmond South,Richmond-South,PM25 SHARP5030,pm25,2020,6.8,5.7,25,15,orange,yellow
Lower Fraser Valley,Richmond South,Richmond-South,PM25 SHARP5030,pm25,2021,5.9,5.2,19,13,yellow,yellow
Lower Fraser Valley,Richmond South,Richmond-South,PM25 SHARP5030,pm25,2022,5.7,4.9,19,12,yellow,yellow
Lower Fraser Valley,Richmond South,Richmond-South,PM25 SHARP5030,pm25,2023,4.9,4.8,14,13,yellow,yellow
Lower Fraser Valley,Surrey East,Surrey East,PM25 SHARP5030,pm25,2013,4.7,4.7,12,12,yellow,yellow
Lower Fraser Valley,Surrey East,Surrey East,PM25 SHARP5030,pm25,2014,5.2,5.2,14,14,yellow,yellow
Lower Fraser Valley,Surrey East,Surrey East,PM25 SHARP5030,pm25,2015,5.9,5.8,17,16,yellow,yellow
Lower Fraser Valley,Surrey East,Surrey East,PM25 SHARP5030,pm25,2016,5.5,5.4,15,15,yellow,yellow
Lower Fraser Valley,Surrey East,Surrey East,PM25 SHARP5030,pm25,2017,5.5,5.3,16,15,yellow,yellow
Lower Fraser Valley,Surrey East,Surrey East,PM25 SHARP5030,pm25,2018,5.7,5.2,19,15,yellow,yellow
Lower Fraser Valley,Surrey East,Surrey East,PM25 SHARP5030,pm25,2019,6.1,5.7,20,15,orange,yellow
Lower Fraser Valley,Surrey East,Surrey East,PM25 SHARP5030,pm25,2020,6.6,5.5,29,15,red,yellow
Lower Fraser Valley,Surrey East,Surrey East,PM25 SHARP5030,pm25,2021,5.9,5.1,22,13,orange,yellow
Lower Fraser Valley,Surrey East,Surrey East,PM25 SHARP5030,pm25,2022,6.1,5.2,25,14,orange,yellow
Lower Fraser Valley,Surrey East,Surrey East,PM25 SHARP5030,pm25,2023,5.6,5.4,17,15,yellow,yellow
Lower Fraser Valley,Tsawwassen,Tsawwassen,PM25 SHARP5030,pm25,2013,4.2,4.2,11,11,yellow,yellow
Lower Fraser Valley,Tsawwassen,Tsawwassen,PM25 SHARP5030,pm25,2014,4.7,4.7,13,13,yellow,yellow
Lower Fraser Valley,Tsawwassen,Tsawwassen,PM25 SHARP5030,pm25,2015,5.2,5.2,14,14,yellow,yellow
Lower Fraser Valley,Tsawwassen,Tsawwassen,PM25 SHARP5030,pm25,2016,4.5,4.5,12,11,yellow,yellow
Lower Fraser Valley,Tsawwassen,Tsawwassen,PM25 SHARP5030,pm25,2017,4.5,4.4,15,13,yellow,yellow
Lower Fraser Valley,Tsawwassen,Tsawwassen,PM25 SHARP5030,pm25,2018,4.6,4.2,18,13,yellow,yellow
Lower Fraser Valley,Tsawwassen,Tsawwassen,PM25 SHARP5030,pm25,2019,4.9,4.4,19,14,yellow,yellow
Lower Fraser Valley,Tsawwassen,Tsawwassen,PM25 SHARP5030,pm25,2020,5.1,4.2,16,11,yellow,yellow
Lower Fraser Valley,Tsawwassen,Tsawwassen,PM25 SHARP5030,pm25,2021,4.6,4.1,12,10,yellow,yellow
Lower Fraser Valley,Tsawwassen,Tsawwassen,PM25 SHARP5030,pm25,2022,4.7,3.9,13,10,yellow,green
Lower Fraser Valley,Tsawwassen,Tsawwassen,PM25 SHARP5030,pm25,2023,4.2,4,12,11,yellow,yellow
Lower Fraser Valley,Vancouver Clark Drive,Vancouver-ClarkDr,PM25 SHARP5030,pm25,2013,NA,NA,NA,NA,NA,NA
Lower Fraser Valley,Vancouver Clark Drive,Vancouver-ClarkDr,PM25 SHARP5030,pm25,2014,NA,NA,NA,NA,NA,NA
Lower Fraser Valley,Vancouver Clark Drive,Vancouver-ClarkDr,PM25 SHARP5030,pm25,2015,NA,NA,NA,NA,NA,NA
Lower Fraser Valley,Vancouver Clark Drive,Vancouver-ClarkDr,PM25 SHARP5030,pm25,2016,NA,NA,NA,NA,NA,NA
Lower Fraser Valley,Vancouver Clark Drive,Vancouver-ClarkDr,PM25 SHARP5030,pm25,2017,8,7.5,26,20,orange,orange
Lower Fraser Valley,Vancouver Clark Drive,Vancouver-ClarkDr,PM25 SHARP5030,pm25,2018,8.2,7.5,30,20,red,orange
Lower Fraser Valley,Vancouver Clark Drive,Vancouver-ClarkDr,PM25 SHARP5030,pm25,2019,8.2,7.5,31,21,red,orange
Lower Fraser Valley,Vancouver Clark Drive,Vancouver-ClarkDr,PM25 SHARP5030,pm25,2020,7.9,6.9,35,18,red,orange
Lower Fraser Valley,Vancouver Clark Drive,Vancouver-ClarkDr,PM25 SHARP5030,pm25,2021,7.1,6.3,26,15,orange,yellow
Lower Fraser Valley,Vancouver Clark Drive,Vancouver-ClarkDr,PM25 SHARP5030,pm25,2022,7,6.1,27,15,orange,yellow
Lower Fraser Valley,Vancouver Clark Drive,Vancouver-ClarkDr,PM25 SHARP5030,pm25,2023,6.5,6.3,17,16,orange,yellow
Lower Fraser Valley,Vancouver International Airport 2,Richmond-Airport,PM25 SHARP5030,pm25,2013,4.2,4.2,11,11,yellow,yellow
Lower Fraser Valley,Vancouver International Airport 2,Richmond-Airport,PM25 SHARP5030,pm25,2014,5.3,5.3,14,14,yellow,yellow
Lower Fraser Valley,Vancouver International Airport 2,Richmond-Airport,PM25 SHARP5030,pm25,2015,6.2,6.2,17,17,yellow,yellow
Lower Fraser Valley,Vancouver International Airport 2,Richmond-Airport,PM25 SHARP5030,pm25,2016,5.8,5.8,15,15,yellow,yellow
Lower Fraser Valley,Vancouver International Airport 2,Richmond-Airport,PM25 SHARP5030,pm25,2017,5.7,5.6,17,16,yellow,yellow
Lower Fraser Valley,Vancouver International Airport 2,Richmond-Airport,PM25 SHARP5030,pm25,2018,6,5.6,20,16,orange,yellow
Lower Fraser Valley,Vancouver International Airport 2,Richmond-Airport,PM25 SHARP5030,pm25,2019,6.1,5.6,21,17,orange,yellow
Lower Fraser Valley,Vancouver International Airport 2,Richmond-Airport,PM25 SHARP5030,pm25,2020,6.1,5.1,26,15,orange,yellow
Lower Fraser Valley,Vancouver International Airport 2,Richmond-Airport,PM25 SHARP5030,pm25,2021,5.3,4.6,20,12,orange,yellow
Lower Fraser Valley,Vancouver International Airport 2,Richmond-Airport,PM25 SHARP5030,pm25,2022,5.4,4.6,21,13,orange,yellow
Lower Fraser Valley,Vancouver International Airport 2,Richmond-Airport,PM25 SHARP5030,pm25,2023,5.1,4.9,13,13,yellow,yellow
Lower Fraser Valley,Vancouver Kitsilano,Vancouver-Kitsilano,PM25_R&P_TEOM,pm25,2013,4.9,4.9,13,13,yellow,yellow
Lower Fraser Valley,Vancouver Kitsilano,Vancouver-Kitsilano,PM25_R&P_TEOM,pm25,2014,5.3,5.3,14,14,yellow,yellow
Lower Fraser Valley,Vancouver Kitsilano,Vancouver-Kitsilano,PM25_R&P_TEOM,pm25,2015,NA,NA,NA,NA,NA,NA
Lower Fraser Valley,Vancouver Kitsilano,Vancouver-Kitsilano,PM25_R&P_TEOM,pm25,2016,NA,NA,NA,NA,NA,NA
Lower Fraser Valley,Vancouver Kitsilano,Vancouver-Kitsilano,PM25_R&P_TEOM,pm25,2017,NA,NA,NA,NA,NA,NA
Lower Fraser Valley,Vancouver Kitsilano,Vancouver-Kitsilano,PM25_R&P_TEOM,pm25,2018,NA,NA,NA,NA,NA,NA
Lower Fraser Valley,Vancouver Kitsilano,Vancouver-Kitsilano,PM25_R&P_TEOM,pm25,2019,NA,NA,NA,NA,NA,NA
Lower Fraser Valley,Vancouver Kitsilano,Vancouver-Kitsilano,PM25_R&P_TEOM,pm25,2020,NA,NA,NA,NA,NA,NA
Lower Fraser Valley,Vancouver Kitsilano,Vancouver-Kitsilano,PM25_R&P_TEOM,pm25,2021,NA,NA,NA,NA,NA,NA
Lower Fraser Valley,Vancouver Kitsilano,Vancouver-Kitsilano,PM25_R&P_TEOM,pm25,2022,NA,NA,NA,NA,NA,NA
Lower Fraser Valley,Vancouver Kitsilano,Vancouver-Kitsilano,PM25_R&P_TEOM,pm25,2023,NA,NA,NA,NA,NA,NA
Northeast,Fort St John Key Learning Centre,FortSt.John,PM25 SHARP5030,pm25,2013,NA,NA,NA,NA,NA,NA
Northeast,Fort St John Key Learning Centre,FortSt.John,PM25 SHARP5030,pm25,2014,NA,NA,NA,NA,NA,NA
Northeast,Fort St John Key Learning Centre,FortSt.John,PM25 SHARP5030,pm25,2015,NA,NA,NA,NA,NA,NA
Northeast,Fort St John Key Learning Centre,FortSt.John,PM25 SHARP5030,pm25,2016,NA,NA,NA,NA,NA,NA
Northeast,Fort St John Key Learning Centre,FortSt.John,PM25 SHARP5030,pm25,2017,5.8,5.6,17,16,yellow,yellow
Northeast,Fort St John Key Learning Centre,FortSt.John,PM25 SHARP5030,pm25,2018,6.8,5.9,28,18,orange,yellow
Northeast,Fort St John Key Learning Centre,FortSt.John,PM25 SHARP5030,pm25,2019,7.4,6.1,34,19,red,yellow
Northeast,Fort St John Key Learning Centre,FortSt.John,PM25 SHARP5030,pm25,2020,7,5.8,32,18,red,yellow
Northeast,Fort St John Key Learning Centre,FortSt.John,PM25 SHARP5030,pm25,2021,5.2,4.9,21,16,orange,yellow
Northeast,Fort St John Key Learning Centre,FortSt.John,PM25 SHARP5030,pm25,2022,5.6,5.2,23,19,orange,yellow
Northeast,Fort St John Key Learning Centre,FortSt.John,PM25 SHARP5030,pm25,2023,10.1,9.8,63,59,red,red
Southern Interior,Castlegar Zinio Park,Castlegar,SHARP,pm25,2013,7.5,7.5,18,18,orange,orange
Southern Interior,Castlegar Zinio Park,Castlegar,SHARP,pm25,2014,7.6,7.5,19,19,orange,orange
Southern Interior,Castlegar Zinio Park,Castlegar,SHARP,pm25,2015,7.8,7.7,21,20,orange,orange
Southern Interior,Castlegar Zinio Park,Castlegar,SHARP,pm25,2016,7.3,7.1,19,18,orange,orange
Southern Interior,Castlegar Zinio Park,Castlegar,SHARP,pm25,2017,NA,NA,NA,NA,NA,NA
Southern Interior,Castlegar Zinio Park,Castlegar,SHARP,pm25,2018,11.8,7.6,80,20,red,orange
Southern Interior,Castlegar Zinio Park,Castlegar,SHARP,pm25,2019,11.9,7.7,80,21,red,orange
Southern Interior,Castlegar Zinio Park,Castlegar,SHARP,pm25,2020,11.6,7.2,74,18,red,orange
Southern Interior,Castlegar Zinio Park,Castlegar,SHARP,pm25,2021,12.3,6.9,105,17,red,orange
Southern Interior,Castlegar Zinio Park,Castlegar,SHARP,pm25,2022,12.8,7.2,107,18,red,orange
Southern Interior,Castlegar Zinio Park,Castlegar,SHARP,pm25,2023,12.5,8.4,102,28,red,red
Southern Interior,Cranbrook Muriel Baxter,Cranbrook,PM25_SHARP5030i,pm25,2013,NA,NA,NA,NA,NA,NA
Southern Interior,Cranbrook Muriel Baxter,Cranbrook,PM25_SHARP5030i,pm25,2014,NA,NA,NA,NA,NA,NA
Southern Interior,Cranbrook Muriel Baxter,Cranbrook,PM25_SHARP5030i,pm25,2015,NA,NA,NA,NA,NA,NA
Southern Interior,Cranbrook Muriel Baxter,Cranbrook,PM25_SHARP5030i,pm25,2016,NA,NA,NA,NA,NA,NA
Southern Interior,Cranbrook Muriel Baxter,Cranbrook,PM25_SHARP5030i,pm25,2017,NA,NA,NA,NA,NA,NA
Southern Interior,Cranbrook Muriel Baxter,Cranbrook,PM25_SHARP5030i,pm25,2018,NA,NA,NA,NA,NA,NA
Southern Interior,Cranbrook Muriel Baxter,Cranbrook,PM25_SHARP5030i,pm25,2019,NA,NA,NA,NA,NA,NA
Southern Interior,Cranbrook Muriel Baxter,Cranbrook,PM25_SHARP5030i,pm25,2020,5.6,5.2,15,14,yellow,yellow
Southern Interior,Cranbrook Muriel Baxter,Cranbrook,PM25_SHARP5030i,pm25,2021,6.9,5.9,29,17,red,yellow
Southern Interior,Cranbrook Muriel Baxter,Cranbrook,PM25_SHARP5030i,pm25,2022,8.1,6.7,35,21,red,orange
Southern Interior,Cranbrook Muriel Baxter,Cranbrook,PM25_SHARP5030i,pm25,2023,9.3,8.2,45,31,red,red
Southern Interior,Creston PC School,Creston PC School,PM25_R&P_TEOM,pm25,2013,4.4,4.4,13,13,yellow,yellow
Southern Interior,Creston PC School,Creston PC School,PM25_R&P_TEOM,pm25,2014,4.5,4.4,14,13,yellow,yellow
Southern Interior,Creston PC School,Creston PC School,PM25_R&P_TEOM,pm25,2015,4.7,4.5,15,14,yellow,yellow
Southern Interior,Creston PC School,Creston PC School,PM25_R&P_TEOM,pm25,2016,NA,NA,NA,NA,NA,NA
Southern Interior,Creston PC School,Creston PC School,PM25_R&P_TEOM,pm25,2017,NA,NA,NA,NA,NA,NA
Southern Interior,Creston PC School,Creston PC School,PM25_R&P_TEOM,pm25,2018,NA,NA,NA,NA,NA,NA
Southern Interior,Creston PC School,Creston PC School,PM25_R&P_TEOM,pm25,2019,NA,NA,NA,NA,NA,NA
Southern Interior,Creston PC School,Creston PC School,PM25_R&P_TEOM,pm25,2020,NA,NA,NA,NA,NA,NA
Southern Interior,Creston PC School,Creston PC School,PM25_R&P_TEOM,pm25,2021,NA,NA,NA,NA,NA,NA
Southern Interior,Creston PC School,Creston PC School,PM25_R&P_TEOM,pm25,2022,NA,NA,NA,NA,NA,NA
Southern Interior,Creston PC School,Creston PC School,PM25_R&P_TEOM,pm25,2023,NA,NA,NA,NA,NA,NA
Southern Interior,Elkford Rocky Mountain Elementary School,Elkford,PM25 SHARP5030,pm25,2013,NA,NA,NA,NA,NA,NA
Southern Interior,Elkford Rocky Mountain Elementary School,Elkford,PM25 SHARP5030,pm25,2014,NA,NA,NA,NA,NA,NA
Southern Interior,Elkford Rocky Mountain Elementary School,Elkford,PM25 SHARP5030,pm25,2015,NA,NA,NA,NA,NA,NA
Southern Interior,Elkford Rocky Mountain Elementary School,Elkford,PM25 SHARP5030,pm25,2016,NA,NA,NA,NA,NA,NA
Southern Interior,Elkford Rocky Mountain Elementary School,Elkford,PM25 SHARP5030,pm25,2017,NA,NA,NA,NA,NA,NA
Southern Interior,Elkford Rocky Mountain Elementary School,Elkford,PM25 SHARP5030,pm25,2018,NA,NA,NA,NA,NA,NA
Southern Interior,Elkford Rocky Mountain Elementary School,Elkford,PM25 SHARP5030,pm25,2019,NA,NA,NA,NA,NA,NA
Southern Interior,Elkford Rocky Mountain Elementary School,Elkford,PM25 SHARP5030,pm25,2020,NA,NA,NA,NA,NA,NA
Southern Interior,Elkford Rocky Mountain Elementary School,Elkford,PM25 SHARP5030,pm25,2021,NA,NA,NA,NA,NA,NA
Southern Interior,Elkford Rocky Mountain Elementary School,Elkford,PM25 SHARP5030,pm25,2022,NA,NA,NA,NA,NA,NA
Southern Interior,Elkford Rocky Mountain Elementary School,Elkford,PM25 SHARP5030,pm25,2023,7.3,6.9,41,34,red,red
Southern Interior,Golden Helipad,Golden,PM25_R&P_TEOM,pm25,2013,NA,NA,NA,NA,NA,NA
Southern Interior,Golden Helipad,Golden,PM25_R&P_TEOM,pm25,2014,NA,NA,NA,NA,NA,NA
Southern Interior,Golden Helipad,Golden,PM25_R&P_TEOM,pm25,2015,6.5,6.5,19,19,orange,orange
Southern Interior,Golden Helipad,Golden,PM25_R&P_TEOM,pm25,2016,6.5,6.5,19,19,orange,orange
Southern Interior,Golden Helipad,Golden,PM25_R&P_TEOM,pm25,2017,NA,NA,NA,NA,NA,NA
Southern Interior,Golden Helipad,Golden,PM25_R&P_TEOM,pm25,2018,NA,NA,NA,NA,NA,NA
Southern Interior,Golden Helipad,Golden,PM25_R&P_TEOM,pm25,2019,NA,NA,NA,NA,NA,NA
Southern Interior,Golden Helipad,Golden,PM25_R&P_TEOM,pm25,2020,NA,NA,NA,NA,NA,NA
Southern Interior,Golden Helipad,Golden,PM25_R&P_TEOM,pm25,2021,NA,NA,NA,NA,NA,NA
Southern Interior,Golden Helipad,Golden,PM25_R&P_TEOM,pm25,2022,NA,NA,NA,NA,NA,NA
Southern Interior,Golden Helipad,Golden,PM25_R&P_TEOM,pm25,2023,NA,NA,NA,NA,NA,NA
Southern Interior,Golden Helipad,Golden,PM25_SHARP5030i,pm25,2013,NA,NA,NA,NA,NA,NA
Southern Interior,Golden Helipad,Golden,PM25_SHARP5030i,pm25,2014,NA,NA,NA,NA,NA,NA
Southern Interior,Golden Helipad,Golden,PM25_SHARP5030i,pm25,2015,9.2,9.2,26,26,orange,orange
Southern Interior,Golden Helipad,Golden,PM25_SHARP5030i,pm25,2016,8.5,8.5,23,23,orange,orange
Southern Interior,Golden Helipad,Golden,PM25_SHARP5030i,pm25,2017,9.5,8.3,36,23,red,orange
Southern Interior,Golden Helipad,Golden,PM25_SHARP5030i,pm25,2018,10.3,7.9,52,20,red,orange
Southern Interior,Golden Helipad,Golden,PM25_SHARP5030i,pm25,2019,10.8,8.5,54,22,red,orange
Southern Interior,Golden Helipad,Golden,PM25_SHARP5030i,pm25,2020,9.9,8.3,42,22,red,orange
Southern Interior,Golden Helipad,Golden,PM25_SHARP5030i,pm25,2021,10.5,8.4,48,23,red,orange
Southern Interior,Golden Helipad,Golden,PM25_SHARP5030i,pm25,2022,11,8.7,50,24,red,orange
Southern Interior,Golden Helipad,Golden,PM25_SHARP5030i,pm25,2023,12.1,10.1,59,36,red,red
Southern Interior,Golden Hospital,Golden-Hospital,PM25_R&P_TEOM,pm25,2013,5.9,5.9,16,16,yellow,yellow
Southern Interior,Golden Hospital,Golden-Hospital,PM25_R&P_TEOM,pm25,2014,NA,NA,NA,NA,NA,NA
Southern Interior,Golden Hospital,Golden-Hospital,PM25_R&P_TEOM,pm25,2015,NA,NA,NA,NA,NA,NA
Southern Interior,Golden Hospital,Golden-Hospital,PM25_R&P_TEOM,pm25,2016,NA,NA,NA,NA,NA,NA
Southern Interior,Golden Hospital,Golden-Hospital,PM25_R&P_TEOM,pm25,2017,NA,NA,NA,NA,NA,NA
Southern Interior,Golden Hospital,Golden-Hospital,PM25_R&P_TEOM,pm25,2018,NA,NA,NA,NA,NA,NA
Southern Interior,Golden Hospital,Golden-Hospital,PM25_R&P_TEOM,pm25,2019,NA,NA,NA,NA,NA,NA
Southern Interior,Golden Hospital,Golden-Hospital,PM25_R&P_TEOM,pm25,2020,NA,NA,NA,NA,NA,NA
Southern Interior,Golden Hospital,Golden-Hospital,PM25_R&P_TEOM,pm25,2021,NA,NA,NA,NA,NA,NA
Southern Interior,Golden Hospital,Golden-Hospital,PM25_R&P_TEOM,pm25,2022,NA,NA,NA,NA,NA,NA
Southern Interior,Golden Hospital,Golden-Hospital,PM25_R&P_TEOM,pm25,2023,NA,NA,NA,NA,NA,NA
Southern Interior,Grand Forks City Hall,Grand Forks,TEOM/SHARP,pm25,2013,6.2,6.2,19,19,yellow,yellow
Southern Interior,Grand Forks City Hall,Grand Forks,TEOM/SHARP,pm25,2014,6.2,6.1,21,20,orange,orange
Southern Interior,Grand Forks City Hall,Grand Forks,TEOM/SHARP,pm25,2015,6.6,5.9,22,19,orange,yellow
Southern Interior,Grand Forks City Hall,Grand Forks,TEOM/SHARP,pm25,2016,5.8,5,18,16,yellow,yellow
Southern Interior,Grand Forks City Hall,Grand Forks,TEOM/SHARP,pm25,2017,7.7,6.4,25,18,orange,yellow
Southern Interior,Grand Forks City Hall,Grand Forks,TEOM/SHARP,pm25,2018,10.4,8.2,50,22,red,orange
Southern Interior,Grand Forks City Hall,Grand Forks,TEOM/SHARP,pm25,2019,12,9.8,54,26,red,orange
Southern Interior,Grand Forks City Hall,Grand Forks,TEOM/SHARP,pm25,2020,12.3,9.3,60,25,red,red
Southern Interior,Grand Forks City Hall,Grand Forks,TEOM/SHARP,pm25,2021,11.4,9,49,24,red,red
Southern Interior,Grand Forks City Hall,Grand Forks,TEOM/SHARP,pm25,2022,11.6,9.1,50,25,red,red
Southern Interior,Grand Forks City Hall,Grand Forks,TEOM/SHARP,pm25,2023,11.2,10,41,30,red,red
Southern Interior,Kamloops Aberdeen,Kamloops-Aberdeen,PM25 SHARP5030,pm25,2013,NA,NA,NA,NA,NA,NA
Southern Interior,Kamloops Aberdeen,Kamloops-Aberdeen,PM25 SHARP5030,pm25,2014,NA,NA,NA,NA,NA,NA
Southern Interior,Kamloops Aberdeen,Kamloops-Aberdeen,PM25 SHARP5030,pm25,2015,NA,NA,NA,NA,NA,NA
Southern Interior,Kamloops Aberdeen,Kamloops-Aberdeen,PM25 SHARP5030,pm25,2016,NA,NA,NA,NA,NA,NA
Southern Interior,Kamloops Aberdeen,Kamloops-Aberdeen,PM25 SHARP5030,pm25,2017,8.2,3.8,83,13,red,yellow
Southern Interior,Kamloops Aberdeen,Kamloops-Aberdeen,PM25 SHARP5030,pm25,2018,8.2,3.8,83,13,red,yellow
Southern Interior,Kamloops Aberdeen,Kamloops-Aberdeen,PM25 SHARP5030,pm25,2019,NA,NA,NA,NA,NA,NA
Southern Interior,Kamloops Aberdeen,Kamloops-Aberdeen,PM25 SHARP5030,pm25,2020,NA,NA,NA,NA,NA,NA
Southern Interior,Kamloops Aberdeen,Kamloops-Aberdeen,PM25 SHARP5030,pm25,2021,NA,NA,NA,NA,NA,NA
Southern Interior,Kamloops Aberdeen,Kamloops-Aberdeen,PM25 SHARP5030,pm25,2022,NA,NA,NA,NA,NA,NA
Southern Interior,Kamloops Aberdeen,Kamloops-Aberdeen,PM25 SHARP5030,pm25,2023,NA,NA,NA,NA,NA,NA
Southern Interior,Kamloops Federal Building,Kamloops,BAM1020/SHARP,pm25,2013,8.2,8.2,20,20,orange,orange
Southern Interior,Kamloops Federal Building,Kamloops,BAM1020/SHARP,pm25,2014,8.6,8.5,23,22,orange,orange
Southern Interior,Kamloops Federal Building,Kamloops,BAM1020/SHARP,pm25,2015,8.8,8.6,24,22,orange,orange
Southern Interior,Kamloops Federal Building,Kamloops,BAM1020/SHARP,pm25,2016,8.4,8.2,22,20,orange,orange
Southern Interior,Kamloops Federal Building,Kamloops,BAM1020/SHARP,pm25,2017,10.5,7.7,56,19,red,orange
Southern Interior,Kamloops Federal Building,Kamloops,BAM1020/SHARP,pm25,2018,11.9,7.7,72,20,red,orange
Southern Interior,Kamloops Federal Building,Kamloops,BAM1020/SHARP,pm25,2019,11.7,7.6,72,20,red,orange
Southern Interior,Kamloops Federal Building,Kamloops,BAM1020/SHARP,pm25,2020,9,7.2,35,18,red,orange
Southern Interior,Kamloops Federal Building,Kamloops,BAM1020/SHARP,pm25,2021,9.4,6.7,47,16,red,orange
Southern Interior,Kamloops Federal Building,Kamloops,BAM1020/SHARP,pm25,2022,9.7,6.9,49,17,red,orange
Southern Interior,Kamloops Federal Building,Kamloops,BAM1020/SHARP,pm25,2023,11.7,9.2,70,40,red,red
Southern Interior,Kelowna,Kelowna,PM25 SHARP5030,pm25,2013,NA,NA,NA,NA,NA,NA
Southern Interior,Kelowna,Kelowna,PM25 SHARP5030,pm25,2014,NA,NA,NA,NA,NA,NA
Southern Interior,Kelowna,Kelowna,PM25 SHARP5030,pm25,2015,NA,NA,NA,NA,NA,NA
Southern Interior,Kelowna,Kelowna,PM25 SHARP5030,pm25,2016,7.4,6.4,23,16,orange,yellow
Southern Interior,Kelowna,Kelowna,PM25 SHARP5030,pm25,2017,8.2,6.6,37,18,red,orange
Southern Interior,Kelowna,Kelowna,PM25 SHARP5030,pm25,2018,9.2,6.5,55,19,red,orange
Southern Interior,Kelowna,Kelowna,PM25 SHARP5030,pm25,2019,10.8,6.9,74,20,red,orange
Southern Interior,Kelowna,Kelowna,PM25 SHARP5030,pm25,2020,9.6,6.1,53,17,red,yellow
Southern Interior,Kelowna,Kelowna,PM25 SHARP5030,pm25,2021,9.6,5.9,62,18,red,yellow
Southern Interior,Kelowna,Kelowna,PM25 SHARP5030,pm25,2022,8.5,5.9,47,18,red,yellow
Southern Interior,Kelowna,Kelowna,PM25 SHARP5030,pm25,2023,9.1,7.3,56,29,red,red
Southern Interior,Kelowna,Kelowna,PM25_R&P_TEOM,pm25,2013,4,4,12,12,yellow,yellow
Southern Interior,Kelowna,Kelowna,PM25_R&P_TEOM,pm25,2014,4.1,4.1,13,12,yellow,yellow
Southern Interior,Kelowna,Kelowna,PM25_R&P_TEOM,pm25,2015,4.1,4.1,14,13,yellow,yellow
Southern Interior,Kelowna,Kelowna,PM25_R&P_TEOM,pm25,2016,NA,NA,NA,NA,NA,NA
Southern Interior,Kelowna,Kelowna,PM25_R&P_TEOM,pm25,2017,NA,NA,NA,NA,NA,NA
Southern Interior,Kelowna,Kelowna,PM25_R&P_TEOM,pm25,2018,NA,NA,NA,NA,NA,NA
Southern Interior,Kelowna,Kelowna,PM25_R&P_TEOM,pm25,2019,NA,NA,NA,NA,NA,NA
Southern Interior,Kelowna,Kelowna,PM25_R&P_TEOM,pm25,2020,NA,NA,NA,NA,NA,NA
Southern Interior,Kelowna,Kelowna,PM25_R&P_TEOM,pm25,2021,NA,NA,NA,NA,NA,NA
Southern Interior,Kelowna,Kelowna,PM25_R&P_TEOM,pm25,2022,NA,NA,NA,NA,NA,NA
Southern Interior,Kelowna,Kelowna,PM25_R&P_TEOM,pm25,2023,NA,NA,NA,NA,NA,NA
Southern Interior,Lavington Baptist Church,Lavington,BAM1020,pm25,2013,NA,NA,NA,NA,NA,NA
Southern Interior,Lavington Baptist Church,Lavington,BAM1020,pm25,2014,NA,NA,NA,NA,NA,NA
Southern Interior,Lavington Baptist Church,Lavington,BAM1020,pm25,2015,NA,NA,NA,NA,NA,NA
Southern Interior,Lavington Baptist Church,Lavington,BAM1020,pm25,2016,NA,NA,NA,NA,NA,NA
Southern Interior,Lavington Baptist Church,Lavington,BAM1020,pm25,2017,8.9,7.2,42,21,red,orange
Southern Interior,Lavington Baptist Church,Lavington,BAM1020,pm25,2018,10.5,7.7,60,22,red,orange
Southern Interior,Lavington Baptist Church,Lavington,BAM1020,pm25,2019,12.6,8.4,82,25,red,orange
Southern Interior,Lavington Baptist Church,Lavington,BAM1020,pm25,2020,NA,NA,NA,NA,NA,NA
Southern Interior,Lavington Baptist Church,Lavington,BAM1020,pm25,2021,NA,NA,NA,NA,NA,NA
Southern Interior,Lavington Baptist Church,Lavington,BAM1020,pm25,2022,NA,NA,NA,NA,NA,NA
Southern Interior,Lavington Baptist Church,Lavington,BAM1020,pm25,2023,NA,NA,NA,NA,NA,NA
Southern Interior,Nelson Kutenai Place,Nelson,PM25_R&P_TEOM,pm25,2013,3.8,3.8,10,10,green,green
Southern Interior,Nelson Kutenai Place,Nelson,PM25_R&P_TEOM,pm25,2014,3.9,3.9,12,12,yellow,yellow
Southern Interior,Nelson Kutenai Place,Nelson,PM25_R&P_TEOM,pm25,2015,4,4,12,12,yellow,yellow
Southern Interior,Nelson Kutenai Place,Nelson,PM25_R&P_TEOM,pm25,2016,NA,NA,NA,NA,NA,NA
Southern Interior,Nelson Kutenai Place,Nelson,PM25_R&P_TEOM,pm25,2017,NA,NA,NA,NA,NA,NA
Southern Interior,Nelson Kutenai Place,Nelson,PM25_R&P_TEOM,pm25,2018,NA,NA,NA,NA,NA,NA
Southern Interior,Nelson Kutenai Place,Nelson,PM25_R&P_TEOM,pm25,2019,NA,NA,NA,NA,NA,NA
Southern Interior,Nelson Kutenai Place,Nelson,PM25_R&P_TEOM,pm25,2020,NA,NA,NA,NA,NA,NA
Southern Interior,Nelson Kutenai Place,Nelson,PM25_R&P_TEOM,pm25,2021,NA,NA,NA,NA,NA,NA
Southern Interior,Nelson Kutenai Place,Nelson,PM25_R&P_TEOM,pm25,2022,NA,NA,NA,NA,NA,NA
Southern Interior,Nelson Kutenai Place,Nelson,PM25_R&P_TEOM,pm25,2023,NA,NA,NA,NA,NA,NA
Southern Interior,Sparwood Centennial Square,Sparwood,PM25_SHARP5030i,pm25,2013,NA,NA,NA,NA,NA,NA
Southern Interior,Sparwood Centennial Square,Sparwood,PM25_SHARP5030i,pm25,2014,NA,NA,NA,NA,NA,NA
Southern Interior,Sparwood Centennial Square,Sparwood,PM25_SHARP5030i,pm25,2015,NA,NA,NA,NA,NA,NA
Southern Interior,Sparwood Centennial Square,Sparwood,PM25_SHARP5030i,pm25,2016,NA,NA,NA,NA,NA,NA
Southern Interior,Sparwood Centennial Square,Sparwood,PM25_SHARP5030i,pm25,2017,NA,NA,NA,NA,NA,NA
Southern Interior,Sparwood Centennial Square,Sparwood,PM25_SHARP5030i,pm25,2018,NA,NA,NA,NA,NA,NA
Southern Interior,Sparwood Centennial Square,Sparwood,PM25_SHARP5030i,pm25,2019,NA,NA,NA,NA,NA,NA
Southern Interior,Sparwood Centennial Square,Sparwood,PM25_SHARP5030i,pm25,2020,NA,NA,NA,NA,NA,NA
Southern Interior,Sparwood Centennial Square,Sparwood,PM25_SHARP5030i,pm25,2021,NA,NA,NA,NA,NA,NA
Southern Interior,Sparwood Centennial Square,Sparwood,PM25_SHARP5030i,pm25,2022,NA,NA,NA,NA,NA,NA
Southern Interior,Sparwood Centennial Square,Sparwood,PM25_SHARP5030i,pm25,2023,8.4,8,56,52,red,red
Southern Interior,Vernon Science Centre,Vernon,PM25 SHARP5030,pm25,2013,NA,NA,NA,NA,NA,NA
Southern Interior,Vernon Science Centre,Vernon,PM25 SHARP5030,pm25,2014,NA,NA,NA,NA,NA,NA
Southern Interior,Vernon Science Centre,Vernon,PM25 SHARP5030,pm25,2015,NA,NA,NA,NA,NA,NA
Southern Interior,Vernon Science Centre,Vernon,PM25 SHARP5030,pm25,2016,8,7.4,24,18,orange,orange
Southern Interior,Vernon Science Centre,Vernon,PM25 SHARP5030,pm25,2017,9.2,7.6,39,20,red,orange
Southern Interior,Vernon Science Centre,Vernon,PM25 SHARP5030,pm25,2018,10.7,8,55,22,red,orange
Southern Interior,Vernon Science Centre,Vernon,PM25 SHARP5030,pm25,2019,11.1,8.5,56,23,red,orange
Southern Interior,Vernon Science Centre,Vernon,PM25 SHARP5030,pm25,2020,10.3,8.8,43,24,red,orange
Southern Interior,Vernon Science Centre,Vernon,PM25 SHARP5030,pm25,2021,10.8,8.5,69,23,red,orange
Southern Interior,Vernon Science Centre,Vernon,PM25 SHARP5030,pm25,2022,10.9,8.5,70,24,red,orange
Southern Interior,Vernon Science Centre,Vernon,PM25 SHARP5030,pm25,2023,12.1,9.7,83,36,red,red
Southern Interior,Vernon Science Centre,Vernon,PM25_R&P_TEOM,pm25,2013,6.6,6.6,16,16,orange,orange
Southern Interior,Vernon Science Centre,Vernon,PM25_R&P_TEOM,pm25,2014,7.2,7.2,18,17,orange,orange
Southern Interior,Vernon Science Centre,Vernon,PM25_R&P_TEOM,pm25,2015,7.3,7.2,18,17,orange,orange
Southern Interior,Vernon Science Centre,Vernon,PM25_R&P_TEOM,pm25,2016,NA,NA,NA,NA,NA,NA
Southern Interior,Vernon Science Centre,Vernon,PM25_R&P_TEOM,pm25,2017,NA,NA,NA,NA,NA,NA
Southern Interior,Vernon Science Centre,Vernon,PM25_R&P_TEOM,pm25,2018,NA,NA,NA,NA,NA,NA
Southern Interior,Vernon Science Centre,Vernon,PM25_R&P_TEOM,pm25,2019,NA,NA,NA,NA,NA,NA
Southern Interior,Vernon Science Centre,Vernon,PM25_R&P_TEOM,pm25,2020,NA,NA,NA,NA,NA,NA
Southern Interior,Vernon Science Centre,Vernon,PM25_R&P_TEOM,pm25,2021,NA,NA,NA,NA,NA,NA
Southern Interior,Vernon Science Centre,Vernon,PM25_R&P_TEOM,pm25,2022,NA,NA,NA,NA,NA,NA
Southern Interior,Vernon Science Centre,Vernon,PM25_R&P_TEOM,pm25,2023,NA,NA,NA,NA,NA,NA
