airzone,site,location,parameter,year,annual metric,1-hour,no adjustment
Central Interior,Prince George Gladstone School,Prince George-Gladstone School,so2,2013,1.6,36.7,yellow
Central Interior,Prince George Gladstone School,Prince George-Gladstone School,so2,2014,1.3,34.9,yellow
Central Interior,Prince George Gladstone School,Prince George-Gladstone School,so2,2015,NA,35.1,yellow
Central Interior,Prince George Gladstone School,Prince George-Gladstone School,so2,2016,NA,NA,NA
Central Interior,Prince George Gladstone School,Prince George-Gladstone School,so2,2017,NA,NA,NA
Central Interior,Prince George Gladstone School,Prince George-Gladstone School,so2,2018,NA,NA,NA
Central Interior,Prince George Gladstone School,Prince George-Gladstone School,so2,2019,NA,NA,NA
Central Interior,Prince George Gladstone School,Prince George-Gladstone School,so2,2020,NA,NA,NA
Central Interior,Prince George Gladstone School,Prince George-Gladstone School,so2,2021,NA,NA,NA
Central Interior,Prince George Gladstone School,Prince George-Gladstone School,so2,2022,NA,NA,NA
Central Interior,Prince George Gladstone School,Prince George-Gladstone School,so2,2023,NA,NA,NA
Central Interior,Prince George Plaza 400,Prince George-Plaza 400,so2,2013,2.4,57.2,orange
Central Interior,Prince George Plaza 400,Prince George-Plaza 400,so2,2014,2.3,58.8,orange
Central Interior,Prince George Plaza 400,Prince George-Plaza 400,so2,2015,NA,58.6,orange
Central Interior,Prince George Plaza 400,Prince George-Plaza 400,so2,2016,1.9,47.4,yellow
Central Interior,Prince George Plaza 400,Prince George-Plaza 400,so2,2017,NA,NA,NA
Central Interior,Prince George Plaza 400,Prince George-Plaza 400,so2,2018,1.4,49.7,yellow
Central Interior,Prince George Plaza 400,Prince George-Plaza 400,so2,2019,1.2,43.7,yellow
Central Interior,Prince George Plaza 400,Prince George-Plaza 400,so2,2020,1,40,yellow
Central Interior,Prince George Plaza 400,Prince George-Plaza 400,so2,2021,1.6,33.8,yellow
Central Interior,Prince George Plaza 400,Prince George-Plaza 400,so2,2022,1.4,36.2,yellow
Central Interior,Prince George Plaza 400,Prince George-Plaza 400,so2,2023,1.3,34.3,yellow
Central Interior,Quesnel,Quesnel,so2,2013,0.3,21,green
Central Interior,Quesnel,Quesnel,so2,2014,0.3,17.8,green
Central Interior,Quesnel,Quesnel,so2,2015,0.3,14.2,green
Central Interior,Quesnel,Quesnel,so2,2016,0.2,12.7,green
Central Interior,Quesnel,Quesnel,so2,2017,0.2,11.7,green
Central Interior,Quesnel,Quesnel,so2,2018,0.3,10.3,green
Central Interior,Quesnel,Quesnel,so2,2019,0.4,9.6,green
Central Interior,Quesnel,Quesnel,so2,2020,0.4,8.5,green
Central Interior,Quesnel,Quesnel,so2,2021,0.4,9.3,green
Central Interior,Quesnel,Quesnel,so2,2022,0.4,9.6,green
Central Interior,Quesnel,Quesnel,so2,2023,0.4,12,green
Central Interior,Williams Lake Columneetza School,Williams Lake,so2,2013,NA,NA,NA
Central Interior,Williams Lake Columneetza School,Williams Lake,so2,2014,NA,NA,NA
Central Interior,Williams Lake Columneetza School,Williams Lake,so2,2015,NA,NA,NA
Central Interior,Williams Lake Columneetza School,Williams Lake,so2,2016,NA,NA,NA
Central Interior,Williams Lake Columneetza School,Williams Lake,so2,2017,0.3,NA,green
Central Interior,Williams Lake Columneetza School,Williams Lake,so2,2018,0.2,1.8,green
Central Interior,Williams Lake Columneetza School,Williams Lake,so2,2019,NA,1.8,green
Central Interior,Williams Lake Columneetza School,Williams Lake,so2,2020,NA,NA,NA
Central Interior,Williams Lake Columneetza School,Williams Lake,so2,2021,NA,NA,NA
Central Interior,Williams Lake Columneetza School,Williams Lake,so2,2022,NA,NA,NA
Central Interior,Williams Lake Columneetza School,Williams Lake,so2,2023,NA,NA,NA
Coastal,Kitimat Haisla Village,Kitimat-Haisla Village,so2,2013,0.2,11.5,green
Coastal,Kitimat Haisla Village,Kitimat-Haisla Village,so2,2014,0.2,10.7,green
Coastal,Kitimat Haisla Village,Kitimat-Haisla Village,so2,2015,0.3,7.9,green
Coastal,Kitimat Haisla Village,Kitimat-Haisla Village,so2,2016,0.4,10.5,green
Coastal,Kitimat Haisla Village,Kitimat-Haisla Village,so2,2017,0.3,11.8,green
Coastal,Kitimat Haisla Village,Kitimat-Haisla Village,so2,2018,0.2,16.5,green
Coastal,Kitimat Haisla Village,Kitimat-Haisla Village,so2,2019,0.3,16,green
Coastal,Kitimat Haisla Village,Kitimat-Haisla Village,so2,2020,0.3,18.7,green
Coastal,Kitimat Haisla Village,Kitimat-Haisla Village,so2,2021,0.2,15.6,green
Coastal,Kitimat Haisla Village,Kitimat-Haisla Village,so2,2022,0.2,12.9,green
Coastal,Kitimat Haisla Village,Kitimat-Haisla Village,so2,2023,0.4,13.4,green
Coastal,Kitimat Rio Tinto Alcan KMP Camp,Kitimat-Rio Tinto Alcan KMP Camp,so2,2013,NA,129.1,red
Coastal,Kitimat Rio Tinto Alcan KMP Camp,Kitimat-Rio Tinto Alcan KMP Camp,so2,2014,NA,NA,NA
Coastal,Kitimat Rio Tinto Alcan KMP Camp,Kitimat-Rio Tinto Alcan KMP Camp,so2,2015,NA,NA,NA
Coastal,Kitimat Rio Tinto Alcan KMP Camp,Kitimat-Rio Tinto Alcan KMP Camp,so2,2016,NA,NA,NA
Coastal,Kitimat Rio Tinto Alcan KMP Camp,Kitimat-Rio Tinto Alcan KMP Camp,so2,2017,NA,NA,NA
Coastal,Kitimat Rio Tinto Alcan KMP Camp,Kitimat-Rio Tinto Alcan KMP Camp,so2,2018,NA,NA,NA
Coastal,Kitimat Rio Tinto Alcan KMP Camp,Kitimat-Rio Tinto Alcan KMP Camp,so2,2019,NA,NA,NA
Coastal,Kitimat Rio Tinto Alcan KMP Camp,Kitimat-Rio Tinto Alcan KMP Camp,so2,2020,NA,NA,NA
Coastal,Kitimat Rio Tinto Alcan KMP Camp,Kitimat-Rio Tinto Alcan KMP Camp,so2,2021,NA,NA,NA
Coastal,Kitimat Rio Tinto Alcan KMP Camp,Kitimat-Rio Tinto Alcan KMP Camp,so2,2022,NA,NA,NA
Coastal,Kitimat Rio Tinto Alcan KMP Camp,Kitimat-Rio Tinto Alcan KMP Camp,so2,2023,NA,NA,NA
Coastal,Kitimat Riverlodge,Kitimat-Riverlodge,so2,2013,NA,NA,NA
Coastal,Kitimat Riverlodge,Kitimat-Riverlodge,so2,2014,0.3,NA,green
Coastal,Kitimat Riverlodge,Kitimat-Riverlodge,so2,2015,0.4,16,green
Coastal,Kitimat Riverlodge,Kitimat-Riverlodge,so2,2016,0.5,18,green
Coastal,Kitimat Riverlodge,Kitimat-Riverlodge,so2,2017,0.4,20.5,green
Coastal,Kitimat Riverlodge,Kitimat-Riverlodge,so2,2018,0.5,26.4,green
Coastal,Kitimat Riverlodge,Kitimat-Riverlodge,so2,2019,0.5,32.1,yellow
Coastal,Kitimat Riverlodge,Kitimat-Riverlodge,so2,2020,0.5,28.7,green
Coastal,Kitimat Riverlodge,Kitimat-Riverlodge,so2,2021,0.4,28.7,green
Coastal,Kitimat Riverlodge,Kitimat-Riverlodge,so2,2022,0.3,19,green
Coastal,Kitimat Riverlodge,Kitimat-Riverlodge,so2,2023,0.6,22.1,green
Coastal,Kitimat Smeltersite Road,Kitimat-Smeltersite Road,so2,2013,NA,79.7,red
Coastal,Kitimat Smeltersite Road,Kitimat-Smeltersite Road,so2,2014,3.2,78.2,red
Coastal,Kitimat Smeltersite Road,Kitimat-Smeltersite Road,so2,2015,3,70.8,red
Coastal,Kitimat Smeltersite Road,Kitimat-Smeltersite Road,so2,2016,7.8,86.5,red
Coastal,Kitimat Smeltersite Road,Kitimat-Smeltersite Road,so2,2017,NA,92.2,red
Coastal,Kitimat Smeltersite Road,Kitimat-Smeltersite Road,so2,2018,NA,NA,NA
Coastal,Kitimat Smeltersite Road,Kitimat-Smeltersite Road,so2,2019,NA,NA,NA
Coastal,Kitimat Smeltersite Road,Kitimat-Smeltersite Road,so2,2020,NA,NA,NA
Coastal,Kitimat Smeltersite Road,Kitimat-Smeltersite Road,so2,2021,NA,NA,NA
Coastal,Kitimat Smeltersite Road,Kitimat-Smeltersite Road,so2,2022,NA,NA,NA
Coastal,Kitimat Smeltersite Road,Kitimat-Smeltersite Road,so2,2023,NA,NA,NA
Coastal,Kitimat Whitesail,Kitimat-Whitesail,so2,2013,NA,NA,NA
Coastal,Kitimat Whitesail,Kitimat-Whitesail,so2,2014,NA,NA,NA
Coastal,Kitimat Whitesail,Kitimat-Whitesail,so2,2015,NA,NA,NA
Coastal,Kitimat Whitesail,Kitimat-Whitesail,so2,2016,0.5,NA,green
Coastal,Kitimat Whitesail,Kitimat-Whitesail,so2,2017,0.4,18.2,green
Coastal,Kitimat Whitesail,Kitimat-Whitesail,so2,2018,0.3,18.8,green
Coastal,Kitimat Whitesail,Kitimat-Whitesail,so2,2019,0.4,21,green
Coastal,Kitimat Whitesail,Kitimat-Whitesail,so2,2020,NA,20.9,green
Coastal,Kitimat Whitesail,Kitimat-Whitesail,so2,2021,0.3,18.7,green
Coastal,Kitimat Whitesail,Kitimat-Whitesail,so2,2022,0.2,10.6,green
Coastal,Kitimat Whitesail,Kitimat-Whitesail,so2,2023,0.4,14,green
Coastal,Port Alice Lake Road,Port Alice-Lake Road,so2,2013,4.9,329.6,red
Coastal,Port Alice Lake Road,Port Alice-Lake Road,so2,2014,7.6,418.9,red
Coastal,Port Alice Lake Road,Port Alice-Lake Road,so2,2015,NA,316.1,red
Coastal,Port Alice Lake Road,Port Alice-Lake Road,so2,2016,NA,328.7,red
Coastal,Port Alice Lake Road,Port Alice-Lake Road,so2,2017,NA,NA,NA
Coastal,Port Alice Lake Road,Port Alice-Lake Road,so2,2018,NA,NA,NA
Coastal,Port Alice Lake Road,Port Alice-Lake Road,so2,2019,NA,NA,NA
Coastal,Port Alice Lake Road,Port Alice-Lake Road,so2,2020,NA,NA,NA
Coastal,Port Alice Lake Road,Port Alice-Lake Road,so2,2021,NA,NA,NA
Coastal,Port Alice Lake Road,Port Alice-Lake Road,so2,2022,NA,NA,NA
Coastal,Port Alice Lake Road,Port Alice-Lake Road,so2,2023,NA,NA,NA
Coastal,Prince Rupert Fairview,Prince Rupert-Fairview,so2,2013,NA,NA,NA
Coastal,Prince Rupert Fairview,Prince Rupert-Fairview,so2,2014,NA,NA,NA
Coastal,Prince Rupert Fairview,Prince Rupert-Fairview,so2,2015,NA,NA,NA
Coastal,Prince Rupert Fairview,Prince Rupert-Fairview,so2,2016,NA,NA,NA
Coastal,Prince Rupert Fairview,Prince Rupert-Fairview,so2,2017,NA,NA,NA
Coastal,Prince Rupert Fairview,Prince Rupert-Fairview,so2,2018,NA,NA,NA
Coastal,Prince Rupert Fairview,Prince Rupert-Fairview,so2,2019,0.3,NA,green
Coastal,Prince Rupert Fairview,Prince Rupert-Fairview,so2,2020,0.2,1.9,green
Coastal,Prince Rupert Fairview,Prince Rupert-Fairview,so2,2021,0.1,1.6,green
Coastal,Prince Rupert Fairview,Prince Rupert-Fairview,so2,2022,0.2,1.4,green
Coastal,Prince Rupert Fairview,Prince Rupert-Fairview,so2,2023,0.2,1.4,green
Coastal,Rumble Beach Hospital,Rumble Beach-Hospital,so2,2013,7.5,128.2,red
Coastal,Rumble Beach Hospital,Rumble Beach-Hospital,so2,2014,6.3,138.2,red
Coastal,Rumble Beach Hospital,Rumble Beach-Hospital,so2,2015,NA,146.3,red
Coastal,Rumble Beach Hospital,Rumble Beach-Hospital,so2,2016,NA,155,red
Coastal,Rumble Beach Hospital,Rumble Beach-Hospital,so2,2017,NA,NA,NA
Coastal,Rumble Beach Hospital,Rumble Beach-Hospital,so2,2018,NA,NA,NA
Coastal,Rumble Beach Hospital,Rumble Beach-Hospital,so2,2019,NA,NA,NA
Coastal,Rumble Beach Hospital,Rumble Beach-Hospital,so2,2020,NA,NA,NA
Coastal,Rumble Beach Hospital,Rumble Beach-Hospital,so2,2021,NA,NA,NA
Coastal,Rumble Beach Hospital,Rumble Beach-Hospital,so2,2022,NA,NA,NA
Coastal,Rumble Beach Hospital,Rumble Beach-Hospital,so2,2023,NA,NA,NA
Coastal,Terrace Skeena Middle School,Terrace,so2,2013,NA,NA,NA
Coastal,Terrace Skeena Middle School,Terrace,so2,2014,NA,NA,NA
Coastal,Terrace Skeena Middle School,Terrace,so2,2015,0.2,NA,green
Coastal,Terrace Skeena Middle School,Terrace,so2,2016,0.5,3.2,green
Coastal,Terrace Skeena Middle School,Terrace,so2,2017,0.5,4.1,green
Coastal,Terrace Skeena Middle School,Terrace,so2,2018,0.4,5.5,green
Coastal,Terrace Skeena Middle School,Terrace,so2,2019,0.5,5.8,green
Coastal,Terrace Skeena Middle School,Terrace,so2,2020,0.5,5.1,green
Coastal,Terrace Skeena Middle School,Terrace,so2,2021,0.5,4.5,green
Coastal,Terrace Skeena Middle School,Terrace,so2,2022,0.3,3.3,green
Coastal,Terrace Skeena Middle School,Terrace,so2,2023,0.5,4.2,green
Georgia Strait,Colwood City Hall,Colwood,so2,2013,0.5,5.1,green
Georgia Strait,Colwood City Hall,Colwood,so2,2014,0.7,4.2,green
Georgia Strait,Colwood City Hall,Colwood,so2,2015,0.7,3.6,green
Georgia Strait,Colwood City Hall,Colwood,so2,2016,0.6,3.7,green
Georgia Strait,Colwood City Hall,Colwood,so2,2017,NA,3.1,green
Georgia Strait,Colwood City Hall,Colwood,so2,2018,NA,NA,NA
Georgia Strait,Colwood City Hall,Colwood,so2,2019,NA,NA,NA
Georgia Strait,Colwood City Hall,Colwood,so2,2020,NA,NA,NA
Georgia Strait,Colwood City Hall,Colwood,so2,2021,NA,NA,NA
Georgia Strait,Colwood City Hall,Colwood,so2,2022,NA,NA,NA
Georgia Strait,Colwood City Hall,Colwood,so2,2023,NA,NA,NA
Georgia Strait,Crofton Elementary,Crofton-Elementary,so2,2013,NA,NA,NA
Georgia Strait,Crofton Elementary,Crofton-Elementary,so2,2014,NA,NA,NA
Georgia Strait,Crofton Elementary,Crofton-Elementary,so2,2015,NA,NA,NA
Georgia Strait,Crofton Elementary,Crofton-Elementary,so2,2016,NA,NA,NA
Georgia Strait,Crofton Elementary,Crofton-Elementary,so2,2017,NA,NA,NA
Georgia Strait,Crofton Elementary,Crofton-Elementary,so2,2018,NA,NA,NA
Georgia Strait,Crofton Elementary,Crofton-Elementary,so2,2019,NA,NA,NA
Georgia Strait,Crofton Elementary,Crofton-Elementary,so2,2020,NA,NA,NA
Georgia Strait,Crofton Elementary,Crofton-Elementary,so2,2021,0.6,NA,green
Georgia Strait,Crofton Elementary,Crofton-Elementary,so2,2022,1,12,green
Georgia Strait,Crofton Elementary,Crofton-Elementary,so2,2023,NA,16,green
Georgia Strait,Crofton Escarpment Way,Crofton-Escarpment Way,so2,2013,1.4,38.1,yellow
Georgia Strait,Crofton Escarpment Way,Crofton-Escarpment Way,so2,2014,NA,40.2,yellow
Georgia Strait,Crofton Escarpment Way,Crofton-Escarpment Way,so2,2015,NA,NA,NA
Georgia Strait,Crofton Escarpment Way,Crofton-Escarpment Way,so2,2016,NA,NA,NA
Georgia Strait,Crofton Escarpment Way,Crofton-Escarpment Way,so2,2017,NA,NA,NA
Georgia Strait,Crofton Escarpment Way,Crofton-Escarpment Way,so2,2018,NA,NA,NA
Georgia Strait,Crofton Escarpment Way,Crofton-Escarpment Way,so2,2019,NA,NA,NA
Georgia Strait,Crofton Escarpment Way,Crofton-Escarpment Way,so2,2020,NA,NA,NA
Georgia Strait,Crofton Escarpment Way,Crofton-Escarpment Way,so2,2021,NA,NA,NA
Georgia Strait,Crofton Escarpment Way,Crofton-Escarpment Way,so2,2022,NA,NA,NA
Georgia Strait,Crofton Escarpment Way,Crofton-Escarpment Way,so2,2023,NA,NA,NA
Georgia Strait,Crofton Georgia Hts,Crofton-Georgia Hts,so2,2013,NA,NA,NA
Georgia Strait,Crofton Georgia Hts,Crofton-Georgia Hts,so2,2014,NA,NA,NA
Georgia Strait,Crofton Georgia Hts,Crofton-Georgia Hts,so2,2015,NA,NA,NA
Georgia Strait,Crofton Georgia Hts,Crofton-Georgia Hts,so2,2016,2.2,NA,yellow
Georgia Strait,Crofton Georgia Hts,Crofton-Georgia Hts,so2,2017,2.2,74.8,red
Georgia Strait,Crofton Georgia Hts,Crofton-Georgia Hts,so2,2018,NA,114.9,red
Georgia Strait,Crofton Georgia Hts,Crofton-Georgia Hts,so2,2019,NA,136.8,red
Georgia Strait,Crofton Georgia Hts,Crofton-Georgia Hts,so2,2020,NA,NA,NA
Georgia Strait,Crofton Georgia Hts,Crofton-Georgia Hts,so2,2021,NA,NA,NA
Georgia Strait,Crofton Georgia Hts,Crofton-Georgia Hts,so2,2022,NA,NA,NA
Georgia Strait,Crofton Georgia Hts,Crofton-Georgia Hts,so2,2023,NA,NA,NA
Georgia Strait,Crofton Substation,Crofton-Substation,so2,2013,1.2,21.4,green
Georgia Strait,Crofton Substation,Crofton-Substation,so2,2014,NA,21.9,green
Georgia Strait,Crofton Substation,Crofton-Substation,so2,2015,NA,NA,NA
Georgia Strait,Crofton Substation,Crofton-Substation,so2,2016,NA,NA,NA
Georgia Strait,Crofton Substation,Crofton-Substation,so2,2017,NA,NA,NA
Georgia Strait,Crofton Substation,Crofton-Substation,so2,2018,NA,NA,NA
Georgia Strait,Crofton Substation,Crofton-Substation,so2,2019,NA,NA,NA
Georgia Strait,Crofton Substation,Crofton-Substation,so2,2020,NA,NA,NA
Georgia Strait,Crofton Substation,Crofton-Substation,so2,2021,NA,NA,NA
Georgia Strait,Crofton Substation,Crofton-Substation,so2,2022,NA,NA,NA
Georgia Strait,Crofton Substation,Crofton-Substation,so2,2023,NA,NA,NA
Georgia Strait,Langdale Elementary,Langdale,so2,2013,1,12,green
Georgia Strait,Langdale Elementary,Langdale,so2,2014,1.1,13.1,green
Georgia Strait,Langdale Elementary,Langdale,so2,2015,0.9,11.3,green
Georgia Strait,Langdale Elementary,Langdale,so2,2016,0.7,9.6,green
Georgia Strait,Langdale Elementary,Langdale,so2,2017,0.7,9.3,green
Georgia Strait,Langdale Elementary,Langdale,so2,2018,0.6,10.8,green
Georgia Strait,Langdale Elementary,Langdale,so2,2019,NA,12.2,green
Georgia Strait,Langdale Elementary,Langdale,so2,2020,0.8,12.3,green
Georgia Strait,Langdale Elementary,Langdale,so2,2021,0.8,14.3,green
Georgia Strait,Langdale Elementary,Langdale,so2,2022,0.7,16.4,green
Georgia Strait,Langdale Elementary,Langdale,so2,2023,0.6,18.7,green
Georgia Strait,Port Alberni Elementary,Port Alberni-Elem.School,so2,2013,NA,NA,NA
Georgia Strait,Port Alberni Elementary,Port Alberni-Elem.School,so2,2014,0.5,NA,green
Georgia Strait,Port Alberni Elementary,Port Alberni-Elem.School,so2,2015,0.4,6.5,green
Georgia Strait,Port Alberni Elementary,Port Alberni-Elem.School,so2,2016,0.6,6.6,green
Georgia Strait,Port Alberni Elementary,Port Alberni-Elem.School,so2,2017,NA,5.9,green
Georgia Strait,Port Alberni Elementary,Port Alberni-Elem.School,so2,2018,NA,NA,NA
Georgia Strait,Port Alberni Elementary,Port Alberni-Elem.School,so2,2019,NA,NA,NA
Georgia Strait,Port Alberni Elementary,Port Alberni-Elem.School,so2,2020,NA,NA,NA
Georgia Strait,Port Alberni Elementary,Port Alberni-Elem.School,so2,2021,NA,NA,NA
Georgia Strait,Port Alberni Elementary,Port Alberni-Elem.School,so2,2022,NA,NA,NA
Georgia Strait,Port Alberni Elementary,Port Alberni-Elem.School,so2,2023,NA,NA,NA
Georgia Strait,Port Alberni Firehall MAML,Port Alberni Firehall MAML,so2,2013,NA,NA,NA
Georgia Strait,Port Alberni Firehall MAML,Port Alberni Firehall MAML,so2,2014,0.4,NA,green
Georgia Strait,Port Alberni Firehall MAML,Port Alberni Firehall MAML,so2,2015,NA,NA,NA
Georgia Strait,Port Alberni Firehall MAML,Port Alberni Firehall MAML,so2,2016,NA,NA,NA
Georgia Strait,Port Alberni Firehall MAML,Port Alberni Firehall MAML,so2,2017,NA,NA,NA
Georgia Strait,Port Alberni Firehall MAML,Port Alberni Firehall MAML,so2,2018,NA,NA,NA
Georgia Strait,Port Alberni Firehall MAML,Port Alberni Firehall MAML,so2,2019,NA,NA,NA
Georgia Strait,Port Alberni Firehall MAML,Port Alberni Firehall MAML,so2,2020,NA,NA,NA
Georgia Strait,Port Alberni Firehall MAML,Port Alberni Firehall MAML,so2,2021,NA,NA,NA
Georgia Strait,Port Alberni Firehall MAML,Port Alberni Firehall MAML,so2,2022,NA,NA,NA
Georgia Strait,Port Alberni Firehall MAML,Port Alberni Firehall MAML,so2,2023,NA,NA,NA
Georgia Strait,Squamish Elementary,Squamish,so2,2013,NA,NA,NA
Georgia Strait,Squamish Elementary,Squamish,so2,2014,NA,NA,NA
Georgia Strait,Squamish Elementary,Squamish,so2,2015,NA,NA,NA
Georgia Strait,Squamish Elementary,Squamish,so2,2016,0.9,NA,green
Georgia Strait,Squamish Elementary,Squamish,so2,2017,0.6,7.3,green
Georgia Strait,Squamish Elementary,Squamish,so2,2018,0.2,6.3,green
Georgia Strait,Squamish Elementary,Squamish,so2,2019,0.3,7.1,green
Georgia Strait,Squamish Elementary,Squamish,so2,2020,0.2,4.5,green
Georgia Strait,Squamish Elementary,Squamish,so2,2021,0.3,4,green
Georgia Strait,Squamish Elementary,Squamish,so2,2022,0.3,4.6,green
Georgia Strait,Squamish Elementary,Squamish,so2,2023,0.2,4.7,green
Georgia Strait,Squamish Gov t Bldg,Squamish,so2,2013,NA,7.8,green
Georgia Strait,Squamish Gov t Bldg,Squamish,so2,2014,0.7,6.1,green
Georgia Strait,Squamish Gov t Bldg,Squamish,so2,2015,0.7,3.8,green
Georgia Strait,Squamish Gov t Bldg,Squamish,so2,2016,NA,3.8,green
Georgia Strait,Squamish Gov t Bldg,Squamish,so2,2017,NA,NA,NA
Georgia Strait,Squamish Gov t Bldg,Squamish,so2,2018,NA,NA,NA
Georgia Strait,Squamish Gov t Bldg,Squamish,so2,2019,NA,NA,NA
Georgia Strait,Squamish Gov t Bldg,Squamish,so2,2020,NA,NA,NA
Georgia Strait,Squamish Gov t Bldg,Squamish,so2,2021,NA,NA,NA
Georgia Strait,Squamish Gov t Bldg,Squamish,so2,2022,NA,NA,NA
Georgia Strait,Squamish Gov t Bldg,Squamish,so2,2023,NA,NA,NA
Georgia Strait,Victoria James Bay Daniels Electronics,Victoria-James Bay Daniels Electronics,so2,2013,0.7,55.5,orange
Georgia Strait,Victoria James Bay Daniels Electronics,Victoria-James Bay Daniels Electronics,so2,2014,NA,47.8,yellow
Georgia Strait,Victoria James Bay Daniels Electronics,Victoria-James Bay Daniels Electronics,so2,2015,NA,NA,NA
Georgia Strait,Victoria James Bay Daniels Electronics,Victoria-James Bay Daniels Electronics,so2,2016,NA,NA,NA
Georgia Strait,Victoria James Bay Daniels Electronics,Victoria-James Bay Daniels Electronics,so2,2017,NA,NA,NA
Georgia Strait,Victoria James Bay Daniels Electronics,Victoria-James Bay Daniels Electronics,so2,2018,NA,NA,NA
Georgia Strait,Victoria James Bay Daniels Electronics,Victoria-James Bay Daniels Electronics,so2,2019,NA,NA,NA
Georgia Strait,Victoria James Bay Daniels Electronics,Victoria-James Bay Daniels Electronics,so2,2020,NA,NA,NA
Georgia Strait,Victoria James Bay Daniels Electronics,Victoria-James Bay Daniels Electronics,so2,2021,NA,NA,NA
Georgia Strait,Victoria James Bay Daniels Electronics,Victoria-James Bay Daniels Electronics,so2,2022,NA,NA,NA
Georgia Strait,Victoria James Bay Daniels Electronics,Victoria-James Bay Daniels Electronics,so2,2023,NA,NA,NA
Georgia Strait,Victoria James Bay The Reef,Victoria-James Bay The Reef,so2,2013,NA,NA,NA
Georgia Strait,Victoria James Bay The Reef,Victoria-James Bay The Reef,so2,2014,NA,NA,NA
Georgia Strait,Victoria James Bay The Reef,Victoria-James Bay The Reef,so2,2015,0.2,46.8,yellow
Georgia Strait,Victoria James Bay The Reef,Victoria-James Bay The Reef,so2,2016,0.1,32.3,yellow
Georgia Strait,Victoria James Bay The Reef,Victoria-James Bay The Reef,so2,2017,0.1,7.9,green
Georgia Strait,Victoria James Bay The Reef,Victoria-James Bay The Reef,so2,2018,0.2,3.2,green
Georgia Strait,Victoria James Bay The Reef,Victoria-James Bay The Reef,so2,2019,0.1,2.9,green
Georgia Strait,Victoria James Bay The Reef,Victoria-James Bay The Reef,so2,2020,NA,3.1,green
Georgia Strait,Victoria James Bay The Reef,Victoria-James Bay The Reef,so2,2021,NA,NA,NA
Georgia Strait,Victoria James Bay The Reef,Victoria-James Bay The Reef,so2,2022,NA,NA,NA
Georgia Strait,Victoria James Bay The Reef,Victoria-James Bay The Reef,so2,2023,NA,NA,NA
Georgia Strait,Victoria Topaz,Victoria,so2,2013,0.9,20.6,green
Georgia Strait,Victoria Topaz,Victoria,so2,2014,1,20.7,green
Georgia Strait,Victoria Topaz,Victoria,so2,2015,1,17.1,green
Georgia Strait,Victoria Topaz,Victoria,so2,2016,0.8,14,green
Georgia Strait,Victoria Topaz,Victoria,so2,2017,0.4,9.4,green
Georgia Strait,Victoria Topaz,Victoria,so2,2018,0.3,5.2,green
Georgia Strait,Victoria Topaz,Victoria,so2,2019,0.3,5.3,green
Georgia Strait,Victoria Topaz,Victoria,so2,2020,0.3,5,green
Georgia Strait,Victoria Topaz,Victoria,so2,2021,0.2,5.2,green
Georgia Strait,Victoria Topaz,Victoria,so2,2022,0.2,4.6,green
Georgia Strait,Victoria Topaz,Victoria,so2,2023,0.2,4.9,green
Lower Fraser Valley,Abbotsford A Columbia Street,Abbotsford-Airport,so2,2013,0.2,NA,green
Lower Fraser Valley,Abbotsford A Columbia Street,Abbotsford-Airport,so2,2014,0.2,4.3,green
Lower Fraser Valley,Abbotsford A Columbia Street,Abbotsford-Airport,so2,2015,0.2,4.1,green
Lower Fraser Valley,Abbotsford A Columbia Street,Abbotsford-Airport,so2,2016,0.2,4.1,green
Lower Fraser Valley,Abbotsford A Columbia Street,Abbotsford-Airport,so2,2017,0.1,3.7,green
Lower Fraser Valley,Abbotsford A Columbia Street,Abbotsford-Airport,so2,2018,0.2,3.8,green
Lower Fraser Valley,Abbotsford A Columbia Street,Abbotsford-Airport,so2,2019,0.2,3.4,green
Lower Fraser Valley,Abbotsford A Columbia Street,Abbotsford-Airport,so2,2020,0.3,3.2,green
Lower Fraser Valley,Abbotsford A Columbia Street,Abbotsford-Airport,so2,2021,0.2,2.3,green
Lower Fraser Valley,Abbotsford A Columbia Street,Abbotsford-Airport,so2,2022,0.2,1.7,green
Lower Fraser Valley,Abbotsford A Columbia Street,Abbotsford-Airport,so2,2023,0.3,1.3,green
Lower Fraser Valley,Abbotsford Central,Abbotsford-Mill Lake,so2,2013,0.2,5.1,green
Lower Fraser Valley,Abbotsford Central,Abbotsford-Mill Lake,so2,2014,0.2,5.1,green
Lower Fraser Valley,Abbotsford Central,Abbotsford-Mill Lake,so2,2015,0.3,4.8,green
Lower Fraser Valley,Abbotsford Central,Abbotsford-Mill Lake,so2,2016,0.2,5,green
Lower Fraser Valley,Abbotsford Central,Abbotsford-Mill Lake,so2,2017,0.2,4.5,green
Lower Fraser Valley,Abbotsford Central,Abbotsford-Mill Lake,so2,2018,0.2,4.5,green
Lower Fraser Valley,Abbotsford Central,Abbotsford-Mill Lake,so2,2019,0.1,4.1,green
Lower Fraser Valley,Abbotsford Central,Abbotsford-Mill Lake,so2,2020,0.2,3.6,green
Lower Fraser Valley,Abbotsford Central,Abbotsford-Mill Lake,so2,2021,0.2,2.1,green
Lower Fraser Valley,Abbotsford Central,Abbotsford-Mill Lake,so2,2022,0.2,1.3,green
Lower Fraser Valley,Abbotsford Central,Abbotsford-Mill Lake,so2,2023,0.2,1,green
Lower Fraser Valley,Burnaby Kensington Park,Burnaby-Kensington Park,so2,2013,0.8,18.7,green
Lower Fraser Valley,Burnaby Kensington Park,Burnaby-Kensington Park,so2,2014,0.7,12.5,green
Lower Fraser Valley,Burnaby Kensington Park,Burnaby-Kensington Park,so2,2015,0.4,8.2,green
Lower Fraser Valley,Burnaby Kensington Park,Burnaby-Kensington Park,so2,2016,0.3,7,green
Lower Fraser Valley,Burnaby Kensington Park,Burnaby-Kensington Park,so2,2017,0.3,6.5,green
Lower Fraser Valley,Burnaby Kensington Park,Burnaby-Kensington Park,so2,2018,0.3,6.4,green
Lower Fraser Valley,Burnaby Kensington Park,Burnaby-Kensington Park,so2,2019,0.4,6.5,green
Lower Fraser Valley,Burnaby Kensington Park,Burnaby-Kensington Park,so2,2020,0.3,5.6,green
Lower Fraser Valley,Burnaby Kensington Park,Burnaby-Kensington Park,so2,2021,0.3,5.5,green
Lower Fraser Valley,Burnaby Kensington Park,Burnaby-Kensington Park,so2,2022,0.3,5.8,green
Lower Fraser Valley,Burnaby Kensington Park,Burnaby-Kensington Park,so2,2023,0.5,6.6,green
Lower Fraser Valley,Burnaby North Eton,Burnaby-North,so2,2013,1.8,38,yellow
Lower Fraser Valley,Burnaby North Eton,Burnaby-North,so2,2014,1.7,24.6,green
Lower Fraser Valley,Burnaby North Eton,Burnaby-North,so2,2015,0.9,18.6,green
Lower Fraser Valley,Burnaby North Eton,Burnaby-North,so2,2016,1,18.4,green
Lower Fraser Valley,Burnaby North Eton,Burnaby-North,so2,2017,1.1,18.1,green
Lower Fraser Valley,Burnaby North Eton,Burnaby-North,so2,2018,0.6,17.7,green
Lower Fraser Valley,Burnaby North Eton,Burnaby-North,so2,2019,0.5,12.7,green
Lower Fraser Valley,Burnaby North Eton,Burnaby-North,so2,2020,0.5,10.5,green
Lower Fraser Valley,Burnaby North Eton,Burnaby-North,so2,2021,0.6,12.2,green
Lower Fraser Valley,Burnaby North Eton,Burnaby-North,so2,2022,0.6,13.9,green
Lower Fraser Valley,Burnaby North Eton,Burnaby-North,so2,2023,0.8,13.5,green
Lower Fraser Valley,Burnaby South,Burnaby-South,so2,2013,0.6,8.7,green
Lower Fraser Valley,Burnaby South,Burnaby-South,so2,2014,0.6,7.4,green
Lower Fraser Valley,Burnaby South,Burnaby-South,so2,2015,0.4,5.7,green
Lower Fraser Valley,Burnaby South,Burnaby-South,so2,2016,0.3,4.8,green
Lower Fraser Valley,Burnaby South,Burnaby-South,so2,2017,0.4,4.8,green
Lower Fraser Valley,Burnaby South,Burnaby-South,so2,2018,0.3,4.8,green
Lower Fraser Valley,Burnaby South,Burnaby-South,so2,2019,0.3,4.9,green
Lower Fraser Valley,Burnaby South,Burnaby-South,so2,2020,0.3,3.9,green
Lower Fraser Valley,Burnaby South,Burnaby-South,so2,2021,0.2,3.7,green
Lower Fraser Valley,Burnaby South,Burnaby-South,so2,2022,0.3,3.1,green
Lower Fraser Valley,Burnaby South,Burnaby-South,so2,2023,0.3,3.2,green
Lower Fraser Valley,Chilliwack Airport,Chilliwack,so2,2013,0.2,4.4,green
Lower Fraser Valley,Chilliwack Airport,Chilliwack,so2,2014,0.1,4.4,green
Lower Fraser Valley,Chilliwack Airport,Chilliwack,so2,2015,0.2,4.1,green
Lower Fraser Valley,Chilliwack Airport,Chilliwack,so2,2016,0.1,3,green
Lower Fraser Valley,Chilliwack Airport,Chilliwack,so2,2017,0.1,3.4,green
Lower Fraser Valley,Chilliwack Airport,Chilliwack,so2,2018,0.1,3,green
Lower Fraser Valley,Chilliwack Airport,Chilliwack,so2,2019,0.1,3.1,green
Lower Fraser Valley,Chilliwack Airport,Chilliwack,so2,2020,0.1,2.5,green
Lower Fraser Valley,Chilliwack Airport,Chilliwack,so2,2021,0.1,1.7,green
Lower Fraser Valley,Chilliwack Airport,Chilliwack,so2,2022,0.1,1.1,green
Lower Fraser Valley,Chilliwack Airport,Chilliwack,so2,2023,0.2,0.8,green
Lower Fraser Valley,Langley Central,Langley,so2,2013,0.2,4.4,green
Lower Fraser Valley,Langley Central,Langley,so2,2014,0.2,5.1,green
Lower Fraser Valley,Langley Central,Langley,so2,2015,0.2,5.3,green
Lower Fraser Valley,Langley Central,Langley,so2,2016,0.1,5.1,green
Lower Fraser Valley,Langley Central,Langley,so2,2017,0.2,4.3,green
Lower Fraser Valley,Langley Central,Langley,so2,2018,0.1,3.6,green
Lower Fraser Valley,Langley Central,Langley,so2,2019,0.2,3.5,green
Lower Fraser Valley,Langley Central,Langley,so2,2020,0.1,3,green
Lower Fraser Valley,Langley Central,Langley,so2,2021,0.1,2.3,green
Lower Fraser Valley,Langley Central,Langley,so2,2022,0.1,1.4,green
Lower Fraser Valley,Langley Central,Langley,so2,2023,0.2,1,green
Lower Fraser Valley,North Burnaby Capitol Hill,Burnaby-Capitol Hill,so2,2013,1.7,82.3,red
Lower Fraser Valley,North Burnaby Capitol Hill,Burnaby-Capitol Hill,so2,2014,1.3,88.6,red
Lower Fraser Valley,North Burnaby Capitol Hill,Burnaby-Capitol Hill,so2,2015,0.8,89.1,red
Lower Fraser Valley,North Burnaby Capitol Hill,Burnaby-Capitol Hill,so2,2016,0.5,60.8,orange
Lower Fraser Valley,North Burnaby Capitol Hill,Burnaby-Capitol Hill,so2,2017,0.9,59.5,orange
Lower Fraser Valley,North Burnaby Capitol Hill,Burnaby-Capitol Hill,so2,2018,0.6,55.2,orange
Lower Fraser Valley,North Burnaby Capitol Hill,Burnaby-Capitol Hill,so2,2019,0.5,54,orange
Lower Fraser Valley,North Burnaby Capitol Hill,Burnaby-Capitol Hill,so2,2020,0.3,35.2,yellow
Lower Fraser Valley,North Burnaby Capitol Hill,Burnaby-Capitol Hill,so2,2021,0.4,25,green
Lower Fraser Valley,North Burnaby Capitol Hill,Burnaby-Capitol Hill,so2,2022,0.6,28.6,green
Lower Fraser Valley,North Burnaby Capitol Hill,Burnaby-Capitol Hill,so2,2023,0.7,38.1,yellow
Lower Fraser Valley,North Vancouver Mahon Park,N.Vancouver-Mahon Park,so2,2013,0.8,20.3,green
Lower Fraser Valley,North Vancouver Mahon Park,N.Vancouver-Mahon Park,so2,2014,0.8,15.7,green
Lower Fraser Valley,North Vancouver Mahon Park,N.Vancouver-Mahon Park,so2,2015,0.3,10.8,green
Lower Fraser Valley,North Vancouver Mahon Park,N.Vancouver-Mahon Park,so2,2016,0.3,8.1,green
Lower Fraser Valley,North Vancouver Mahon Park,N.Vancouver-Mahon Park,so2,2017,0.4,5.4,green
Lower Fraser Valley,North Vancouver Mahon Park,N.Vancouver-Mahon Park,so2,2018,0.3,5,green
Lower Fraser Valley,North Vancouver Mahon Park,N.Vancouver-Mahon Park,so2,2019,0.2,4.7,green
Lower Fraser Valley,North Vancouver Mahon Park,N.Vancouver-Mahon Park,so2,2020,0.2,4.3,green
Lower Fraser Valley,North Vancouver Mahon Park,N.Vancouver-Mahon Park,so2,2021,0.3,3.6,green
Lower Fraser Valley,North Vancouver Mahon Park,N.Vancouver-Mahon Park,so2,2022,0.3,3.3,green
Lower Fraser Valley,North Vancouver Mahon Park,N.Vancouver-Mahon Park,so2,2023,0.4,3.4,green
Lower Fraser Valley,North Vancouver Second Narrows,N.Vancouver-2nd Narrows,so2,2013,1.3,25.6,green
Lower Fraser Valley,North Vancouver Second Narrows,N.Vancouver-2nd Narrows,so2,2014,1.4,19.7,green
Lower Fraser Valley,North Vancouver Second Narrows,N.Vancouver-2nd Narrows,so2,2015,0.6,12.9,green
Lower Fraser Valley,North Vancouver Second Narrows,N.Vancouver-2nd Narrows,so2,2016,0.4,9.7,green
Lower Fraser Valley,North Vancouver Second Narrows,N.Vancouver-2nd Narrows,so2,2017,0.5,7.2,green
Lower Fraser Valley,North Vancouver Second Narrows,N.Vancouver-2nd Narrows,so2,2018,0.3,6.7,green
Lower Fraser Valley,North Vancouver Second Narrows,N.Vancouver-2nd Narrows,so2,2019,NA,NA,NA
Lower Fraser Valley,North Vancouver Second Narrows,N.Vancouver-2nd Narrows,so2,2020,NA,NA,NA
Lower Fraser Valley,North Vancouver Second Narrows,N.Vancouver-2nd Narrows,so2,2021,NA,NA,NA
Lower Fraser Valley,North Vancouver Second Narrows,N.Vancouver-2nd Narrows,so2,2022,0.4,3.1,green
Lower Fraser Valley,North Vancouver Second Narrows,N.Vancouver-2nd Narrows,so2,2023,0.4,3.7,green
Lower Fraser Valley,Pitt Meadows Meadowlands School,Pitt Meadows,so2,2013,0.4,5.2,green
Lower Fraser Valley,Pitt Meadows Meadowlands School,Pitt Meadows,so2,2014,0.4,5,green
Lower Fraser Valley,Pitt Meadows Meadowlands School,Pitt Meadows,so2,2015,0.4,4.3,green
Lower Fraser Valley,Pitt Meadows Meadowlands School,Pitt Meadows,so2,2016,0.3,4.1,green
Lower Fraser Valley,Pitt Meadows Meadowlands School,Pitt Meadows,so2,2017,0.4,3.9,green
Lower Fraser Valley,Pitt Meadows Meadowlands School,Pitt Meadows,so2,2018,0.3,3.9,green
Lower Fraser Valley,Pitt Meadows Meadowlands School,Pitt Meadows,so2,2019,0.4,4.3,green
Lower Fraser Valley,Pitt Meadows Meadowlands School,Pitt Meadows,so2,2020,0.3,3.9,green
Lower Fraser Valley,Pitt Meadows Meadowlands School,Pitt Meadows,so2,2021,0.1,3,green
Lower Fraser Valley,Pitt Meadows Meadowlands School,Pitt Meadows,so2,2022,0.1,2,green
Lower Fraser Valley,Pitt Meadows Meadowlands School,Pitt Meadows,so2,2023,0.4,1.9,green
Lower Fraser Valley,Port Moody Rocky Point Park,Port Moody,so2,2013,0.9,20.1,green
Lower Fraser Valley,Port Moody Rocky Point Park,Port Moody,so2,2014,0.6,16.8,green
Lower Fraser Valley,Port Moody Rocky Point Park,Port Moody,so2,2015,0.6,12,green
Lower Fraser Valley,Port Moody Rocky Point Park,Port Moody,so2,2016,0.3,8.9,green
Lower Fraser Valley,Port Moody Rocky Point Park,Port Moody,so2,2017,0.4,7.5,green
Lower Fraser Valley,Port Moody Rocky Point Park,Port Moody,so2,2018,0.4,6.5,green
Lower Fraser Valley,Port Moody Rocky Point Park,Port Moody,so2,2019,0.3,5.7,green
Lower Fraser Valley,Port Moody Rocky Point Park,Port Moody,so2,2020,0.3,6,green
Lower Fraser Valley,Port Moody Rocky Point Park,Port Moody,so2,2021,0.2,5.1,green
Lower Fraser Valley,Port Moody Rocky Point Park,Port Moody,so2,2022,0.4,5.4,green
Lower Fraser Valley,Port Moody Rocky Point Park,Port Moody,so2,2023,0.3,5.8,green
Lower Fraser Valley,Richmond South,Richmond-South,so2,2013,0.5,5.9,green
Lower Fraser Valley,Richmond South,Richmond-South,so2,2014,0.4,5.4,green
Lower Fraser Valley,Richmond South,Richmond-South,so2,2015,0.4,5,green
Lower Fraser Valley,Richmond South,Richmond-South,so2,2016,0.3,4.4,green
Lower Fraser Valley,Richmond South,Richmond-South,so2,2017,0.3,4.6,green
Lower Fraser Valley,Richmond South,Richmond-South,so2,2018,0.3,4.1,green
Lower Fraser Valley,Richmond South,Richmond-South,so2,2019,0.3,3.8,green
Lower Fraser Valley,Richmond South,Richmond-South,so2,2020,0.1,2.5,green
Lower Fraser Valley,Richmond South,Richmond-South,so2,2021,0.1,2.1,green
Lower Fraser Valley,Richmond South,Richmond-South,so2,2022,0.1,1.5,green
Lower Fraser Valley,Richmond South,Richmond-South,so2,2023,0.2,1.4,green
Lower Fraser Valley,Tsawwassen,Tsawwassen,so2,2013,0.3,7.9,green
Lower Fraser Valley,Tsawwassen,Tsawwassen,so2,2014,0.4,7.3,green
Lower Fraser Valley,Tsawwassen,Tsawwassen,so2,2015,0.3,5.7,green
Lower Fraser Valley,Tsawwassen,Tsawwassen,so2,2016,0.4,5.3,green
Lower Fraser Valley,Tsawwassen,Tsawwassen,so2,2017,0.4,5.5,green
Lower Fraser Valley,Tsawwassen,Tsawwassen,so2,2018,0.3,5.6,green
Lower Fraser Valley,Tsawwassen,Tsawwassen,so2,2019,0.2,5.4,green
Lower Fraser Valley,Tsawwassen,Tsawwassen,so2,2020,0.1,4.2,green
Lower Fraser Valley,Tsawwassen,Tsawwassen,so2,2021,0.2,2.6,green
Lower Fraser Valley,Tsawwassen,Tsawwassen,so2,2022,0.2,1.8,green
Lower Fraser Valley,Tsawwassen,Tsawwassen,so2,2023,0.5,1.3,green
Lower Fraser Valley,Vancouver Clark Drive,Vancouver-ClarkDr,so2,2013,NA,NA,NA
Lower Fraser Valley,Vancouver Clark Drive,Vancouver-ClarkDr,so2,2014,NA,NA,NA
Lower Fraser Valley,Vancouver Clark Drive,Vancouver-ClarkDr,so2,2015,NA,NA,NA
Lower Fraser Valley,Vancouver Clark Drive,Vancouver-ClarkDr,so2,2016,NA,NA,NA
Lower Fraser Valley,Vancouver Clark Drive,Vancouver-ClarkDr,so2,2017,NA,NA,NA
Lower Fraser Valley,Vancouver Clark Drive,Vancouver-ClarkDr,so2,2018,0.6,NA,green
Lower Fraser Valley,Vancouver Clark Drive,Vancouver-ClarkDr,so2,2019,0.4,4.7,green
Lower Fraser Valley,Vancouver Clark Drive,Vancouver-ClarkDr,so2,2020,0.3,4.1,green
Lower Fraser Valley,Vancouver Clark Drive,Vancouver-ClarkDr,so2,2021,0.3,3.3,green
Lower Fraser Valley,Vancouver Clark Drive,Vancouver-ClarkDr,so2,2022,NA,3,green
Lower Fraser Valley,Vancouver Clark Drive,Vancouver-ClarkDr,so2,2023,NA,NA,NA
Lower Fraser Valley,Vancouver International Airport 2,Richmond-Airport,so2,2013,0.7,6.9,green
Lower Fraser Valley,Vancouver International Airport 2,Richmond-Airport,so2,2014,0.6,6,green
Lower Fraser Valley,Vancouver International Airport 2,Richmond-Airport,so2,2015,0.4,5.1,green
Lower Fraser Valley,Vancouver International Airport 2,Richmond-Airport,so2,2016,0.2,4.3,green
Lower Fraser Valley,Vancouver International Airport 2,Richmond-Airport,so2,2017,0.4,4.2,green
Lower Fraser Valley,Vancouver International Airport 2,Richmond-Airport,so2,2018,0.5,4,green
Lower Fraser Valley,Vancouver International Airport 2,Richmond-Airport,so2,2019,0.4,3.9,green
Lower Fraser Valley,Vancouver International Airport 2,Richmond-Airport,so2,2020,0.2,4.1,green
Lower Fraser Valley,Vancouver International Airport 2,Richmond-Airport,so2,2021,0.2,4.8,green
Lower Fraser Valley,Vancouver International Airport 2,Richmond-Airport,so2,2022,0.3,4.7,green
Lower Fraser Valley,Vancouver International Airport 2,Richmond-Airport,so2,2023,0.4,4.1,green
Lower Fraser Valley,Vancouver Kitsilano,Vancouver-Kitsilano,so2,2013,1,14.6,green
Lower Fraser Valley,Vancouver Kitsilano,Vancouver-Kitsilano,so2,2014,NA,13.6,green
Lower Fraser Valley,Vancouver Kitsilano,Vancouver-Kitsilano,so2,2015,NA,NA,NA
Lower Fraser Valley,Vancouver Kitsilano,Vancouver-Kitsilano,so2,2016,NA,NA,NA
Lower Fraser Valley,Vancouver Kitsilano,Vancouver-Kitsilano,so2,2017,NA,NA,NA
Lower Fraser Valley,Vancouver Kitsilano,Vancouver-Kitsilano,so2,2018,NA,NA,NA
Lower Fraser Valley,Vancouver Kitsilano,Vancouver-Kitsilano,so2,2019,NA,NA,NA
Lower Fraser Valley,Vancouver Kitsilano,Vancouver-Kitsilano,so2,2020,NA,NA,NA
Lower Fraser Valley,Vancouver Kitsilano,Vancouver-Kitsilano,so2,2021,NA,NA,NA
Lower Fraser Valley,Vancouver Kitsilano,Vancouver-Kitsilano,so2,2022,NA,NA,NA
Lower Fraser Valley,Vancouver Kitsilano,Vancouver-Kitsilano,so2,2023,NA,NA,NA
Lower Fraser Valley,Vancouver Pandora Park,Vancouver-Pandora Park,so2,2013,NA,NA,NA
Lower Fraser Valley,Vancouver Pandora Park,Vancouver-Pandora Park,so2,2014,NA,NA,NA
Lower Fraser Valley,Vancouver Pandora Park,Vancouver-Pandora Park,so2,2015,NA,NA,NA
Lower Fraser Valley,Vancouver Pandora Park,Vancouver-Pandora Park,so2,2016,1,NA,green
Lower Fraser Valley,Vancouver Pandora Park,Vancouver-Pandora Park,so2,2017,1.2,19.9,green
Lower Fraser Valley,Vancouver Pandora Park,Vancouver-Pandora Park,so2,2018,0.7,17,green
Lower Fraser Valley,Vancouver Pandora Park,Vancouver-Pandora Park,so2,2019,0.6,11.7,green
Lower Fraser Valley,Vancouver Pandora Park,Vancouver-Pandora Park,so2,2020,0.5,7.4,green
Lower Fraser Valley,Vancouver Pandora Park,Vancouver-Pandora Park,so2,2021,NA,5.6,green
Lower Fraser Valley,Vancouver Pandora Park,Vancouver-Pandora Park,so2,2022,NA,NA,NA
Lower Fraser Valley,Vancouver Pandora Park,Vancouver-Pandora Park,so2,2023,NA,NA,NA
Lower Fraser Valley,Vancouver Robson Square,Vancouver-Downtown,so2,2013,2.2,28,yellow
Lower Fraser Valley,Vancouver Robson Square,Vancouver-Downtown,so2,2014,1.6,22.9,green
Lower Fraser Valley,Vancouver Robson Square,Vancouver-Downtown,so2,2015,0.6,12.4,green
Lower Fraser Valley,Vancouver Robson Square,Vancouver-Downtown,so2,2016,NA,10.7,green
Lower Fraser Valley,Vancouver Robson Square,Vancouver-Downtown,so2,2017,0.5,7.9,green
Lower Fraser Valley,Vancouver Robson Square,Vancouver-Downtown,so2,2018,0.4,6,green
Lower Fraser Valley,Vancouver Robson Square,Vancouver-Downtown,so2,2019,0.3,4.9,green
Lower Fraser Valley,Vancouver Robson Square,Vancouver-Downtown,so2,2020,0.3,4.8,green
Lower Fraser Valley,Vancouver Robson Square,Vancouver-Downtown,so2,2021,0.4,4.8,green
Lower Fraser Valley,Vancouver Robson Square,Vancouver-Downtown,so2,2022,NA,5.9,green
Lower Fraser Valley,Vancouver Robson Square,Vancouver-Downtown,so2,2023,0.5,6,green
Northeast,Doig River Cultural Centre,Doig River Cultural Centre,so2,2013,NA,NA,NA
Northeast,Doig River Cultural Centre,Doig River Cultural Centre,so2,2014,0.1,NA,green
Northeast,Doig River Cultural Centre,Doig River Cultural Centre,so2,2015,0.1,2.8,green
Northeast,Doig River Cultural Centre,Doig River Cultural Centre,so2,2016,NA,2.8,green
Northeast,Doig River Cultural Centre,Doig River Cultural Centre,so2,2017,NA,NA,NA
Northeast,Doig River Cultural Centre,Doig River Cultural Centre,so2,2018,NA,NA,NA
Northeast,Doig River Cultural Centre,Doig River Cultural Centre,so2,2019,NA,NA,NA
Northeast,Doig River Cultural Centre,Doig River Cultural Centre,so2,2020,NA,NA,NA
Northeast,Doig River Cultural Centre,Doig River Cultural Centre,so2,2021,NA,NA,NA
Northeast,Doig River Cultural Centre,Doig River Cultural Centre,so2,2022,NA,NA,NA
Northeast,Doig River Cultural Centre,Doig River Cultural Centre,so2,2023,NA,NA,NA
Northeast,Fort St John Key Learning Centre,FortSt.John,so2,2013,NA,NA,NA
Northeast,Fort St John Key Learning Centre,FortSt.John,so2,2014,NA,NA,NA
Northeast,Fort St John Key Learning Centre,FortSt.John,so2,2015,NA,NA,NA
Northeast,Fort St John Key Learning Centre,FortSt.John,so2,2016,NA,NA,NA
Northeast,Fort St John Key Learning Centre,FortSt.John,so2,2017,0.3,NA,green
Northeast,Fort St John Key Learning Centre,FortSt.John,so2,2018,0.3,4.9,green
Northeast,Fort St John Key Learning Centre,FortSt.John,so2,2019,0.3,5.1,green
Northeast,Fort St John Key Learning Centre,FortSt.John,so2,2020,0.6,5,green
Northeast,Fort St John Key Learning Centre,FortSt.John,so2,2021,NA,5.1,green
Northeast,Fort St John Key Learning Centre,FortSt.John,so2,2022,0.2,3.7,green
Northeast,Fort St John Key Learning Centre,FortSt.John,so2,2023,0.4,3.5,green
Northeast,Rolla 213 Road,Rolla,so2,2013,NA,NA,NA
Northeast,Rolla 213 Road,Rolla,so2,2014,NA,NA,NA
Northeast,Rolla 213 Road,Rolla,so2,2015,NA,NA,NA
Northeast,Rolla 213 Road,Rolla,so2,2016,0.3,NA,green
Northeast,Rolla 213 Road,Rolla,so2,2017,NA,NA,NA
Northeast,Rolla 213 Road,Rolla,so2,2018,NA,NA,NA
Northeast,Rolla 213 Road,Rolla,so2,2019,NA,NA,NA
Northeast,Rolla 213 Road,Rolla,so2,2020,NA,NA,NA
Northeast,Rolla 213 Road,Rolla,so2,2021,NA,NA,NA
Northeast,Rolla 213 Road,Rolla,so2,2022,NA,NA,NA
Northeast,Rolla 213 Road,Rolla,so2,2023,NA,NA,NA
Northeast,Taylor Lone Wolf Golf Course,Taylor,so2,2013,NA,NA,NA
Northeast,Taylor Lone Wolf Golf Course,Taylor,so2,2014,NA,NA,NA
Northeast,Taylor Lone Wolf Golf Course,Taylor,so2,2015,NA,NA,NA
Northeast,Taylor Lone Wolf Golf Course,Taylor,so2,2016,0.3,NA,green
Northeast,Taylor Lone Wolf Golf Course,Taylor,so2,2017,0.5,20.8,green
Northeast,Taylor Lone Wolf Golf Course,Taylor,so2,2018,NA,20.8,green
Northeast,Taylor Lone Wolf Golf Course,Taylor,so2,2019,NA,NA,NA
Northeast,Taylor Lone Wolf Golf Course,Taylor,so2,2020,NA,NA,NA
Northeast,Taylor Lone Wolf Golf Course,Taylor,so2,2021,NA,NA,NA
Northeast,Taylor Lone Wolf Golf Course,Taylor,so2,2022,NA,NA,NA
Northeast,Taylor Lone Wolf Golf Course,Taylor,so2,2023,NA,NA,NA
Northeast,Taylor South Hill,Taylor-SouthHill,so2,2013,0.5,22.4,green
Northeast,Taylor South Hill,Taylor-SouthHill,so2,2014,0.7,23.1,green
Northeast,Taylor South Hill,Taylor-SouthHill,so2,2015,0.5,17.8,green
Northeast,Taylor South Hill,Taylor-SouthHill,so2,2016,0.3,14.7,green
Northeast,Taylor South Hill,Taylor-SouthHill,so2,2017,0.3,13.8,green
Northeast,Taylor South Hill,Taylor-SouthHill,so2,2018,0.4,22.4,green
Northeast,Taylor South Hill,Taylor-SouthHill,so2,2019,0.4,27.7,green
Northeast,Taylor South Hill,Taylor-SouthHill,so2,2020,0.3,24.3,green
Northeast,Taylor South Hill,Taylor-SouthHill,so2,2021,0.3,14.3,green
Northeast,Taylor South Hill,Taylor-SouthHill,so2,2022,0.4,9.1,green
Northeast,Taylor South Hill,Taylor-SouthHill,so2,2023,0.4,10.8,green
Northeast,Taylor Townsite,Taylor-Townsite,so2,2013,1.3,62.8,orange
Northeast,Taylor Townsite,Taylor-Townsite,so2,2014,NA,59.4,orange
Northeast,Taylor Townsite,Taylor-Townsite,so2,2015,1.1,52.1,orange
Northeast,Taylor Townsite,Taylor-Townsite,so2,2016,0.7,38.8,yellow
Northeast,Taylor Townsite,Taylor-Townsite,so2,2017,0.7,38.8,yellow
Northeast,Taylor Townsite,Taylor-Townsite,so2,2018,0.9,36.6,yellow
Northeast,Taylor Townsite,Taylor-Townsite,so2,2019,1,47,yellow
Northeast,Taylor Townsite,Taylor-Townsite,so2,2020,0.6,44.6,yellow
Northeast,Taylor Townsite,Taylor-Townsite,so2,2021,0.5,37.6,yellow
Northeast,Taylor Townsite,Taylor-Townsite,so2,2022,0.8,26.7,green
Northeast,Taylor Townsite,Taylor-Townsite,so2,2023,0.7,26.7,green
Northeast,Tomslake 197 Rd East,Tomslake 197 Rd East,so2,2013,NA,NA,NA
Northeast,Tomslake 197 Rd East,Tomslake 197 Rd East,so2,2014,0.4,NA,green
Northeast,Tomslake 197 Rd East,Tomslake 197 Rd East,so2,2015,0.3,NA,green
Northeast,Tomslake 197 Rd East,Tomslake 197 Rd East,so2,2016,NA,NA,NA
Northeast,Tomslake 197 Rd East,Tomslake 197 Rd East,so2,2017,NA,NA,NA
Northeast,Tomslake 197 Rd East,Tomslake 197 Rd East,so2,2018,NA,NA,NA
Northeast,Tomslake 197 Rd East,Tomslake 197 Rd East,so2,2019,NA,NA,NA
Northeast,Tomslake 197 Rd East,Tomslake 197 Rd East,so2,2020,NA,NA,NA
Northeast,Tomslake 197 Rd East,Tomslake 197 Rd East,so2,2021,NA,NA,NA
Northeast,Tomslake 197 Rd East,Tomslake 197 Rd East,so2,2022,NA,NA,NA
Northeast,Tomslake 197 Rd East,Tomslake 197 Rd East,so2,2023,NA,NA,NA
Southern Interior,Castlegar Zinio Park,Castlegar,so2,2013,3.7,57.1,orange
Southern Interior,Castlegar Zinio Park,Castlegar,so2,2014,1.9,52.3,orange
Southern Interior,Castlegar Zinio Park,Castlegar,so2,2015,1.9,52.1,orange
Southern Interior,Castlegar Zinio Park,Castlegar,so2,2016,2.2,47.6,yellow
Southern Interior,Castlegar Zinio Park,Castlegar,so2,2017,2.6,51.9,orange
Southern Interior,Castlegar Zinio Park,Castlegar,so2,2018,1.7,49.2,yellow
Southern Interior,Castlegar Zinio Park,Castlegar,so2,2019,1.6,45.2,yellow
Southern Interior,Castlegar Zinio Park,Castlegar,so2,2020,1.7,38.8,yellow
Southern Interior,Castlegar Zinio Park,Castlegar,so2,2021,1.2,35.4,yellow
Southern Interior,Castlegar Zinio Park,Castlegar,so2,2022,1.3,31.6,yellow
Southern Interior,Castlegar Zinio Park,Castlegar,so2,2023,0.7,26.4,green
Southern Interior,Kamloops Federal Building,Kamloops,so2,2013,0.5,12.6,green
Southern Interior,Kamloops Federal Building,Kamloops,so2,2014,0.5,11.5,green
Southern Interior,Kamloops Federal Building,Kamloops,so2,2015,0.5,10.2,green
Southern Interior,Kamloops Federal Building,Kamloops,so2,2016,0.6,9.6,green
Southern Interior,Kamloops Federal Building,Kamloops,so2,2017,0.5,9.4,green
Southern Interior,Kamloops Federal Building,Kamloops,so2,2018,0.2,7.4,green
Southern Interior,Kamloops Federal Building,Kamloops,so2,2019,0.2,6.6,green
Southern Interior,Kamloops Federal Building,Kamloops,so2,2020,0.3,4.4,green
Southern Interior,Kamloops Federal Building,Kamloops,so2,2021,0.4,4.3,green
Southern Interior,Kamloops Federal Building,Kamloops,so2,2022,0.4,4.9,green
Southern Interior,Kamloops Federal Building,Kamloops,so2,2023,0.3,5.5,green
Southern Interior,Kelowna,Kelowna,so2,2013,0.4,1.8,green
Southern Interior,Kelowna,Kelowna,so2,2014,0.3,1.8,green
Southern Interior,Kelowna,Kelowna,so2,2015,0.4,1.8,green
Southern Interior,Kelowna,Kelowna,so2,2016,0.3,1.8,green
Southern Interior,Kelowna,Kelowna,so2,2017,0.3,1.8,green
Southern Interior,Kelowna,Kelowna,so2,2018,0.4,1.8,green
Southern Interior,Kelowna,Kelowna,so2,2019,NA,1.8,green
Southern Interior,Kelowna,Kelowna,so2,2020,0.3,1.7,green
Southern Interior,Kelowna,Kelowna,so2,2021,0.3,1.6,green
Southern Interior,Kelowna,Kelowna,so2,2022,0.3,1.6,green
Southern Interior,Kelowna,Kelowna,so2,2023,0.3,1.7,green
Southern Interior,Merritt Nicola Ave MAML,Merritt-NicolaAve,so2,2013,NA,NA,NA
Southern Interior,Merritt Nicola Ave MAML,Merritt-NicolaAve,so2,2014,NA,NA,NA
Southern Interior,Merritt Nicola Ave MAML,Merritt-NicolaAve,so2,2015,NA,NA,NA
Southern Interior,Merritt Nicola Ave MAML,Merritt-NicolaAve,so2,2016,NA,NA,NA
Southern Interior,Merritt Nicola Ave MAML,Merritt-NicolaAve,so2,2017,NA,NA,NA
Southern Interior,Merritt Nicola Ave MAML,Merritt-NicolaAve,so2,2018,NA,NA,NA
Southern Interior,Merritt Nicola Ave MAML,Merritt-NicolaAve,so2,2019,NA,NA,NA
Southern Interior,Merritt Nicola Ave MAML,Merritt-NicolaAve,so2,2020,NA,NA,NA
Southern Interior,Merritt Nicola Ave MAML,Merritt-NicolaAve,so2,2021,NA,NA,NA
Southern Interior,Merritt Nicola Ave MAML,Merritt-NicolaAve,so2,2022,NA,NA,NA
Southern Interior,Merritt Nicola Ave MAML,Merritt-NicolaAve,so2,2023,0.2,NA,green
Southern Interior,Trail Butler Park,Trail-Butler Park,so2,2013,11.2,247.2,red
Southern Interior,Trail Butler Park,Trail-Butler Park,so2,2014,8.8,227,red
Southern Interior,Trail Butler Park,Trail-Butler Park,so2,2015,10.2,222.1,red
Southern Interior,Trail Butler Park,Trail-Butler Park,so2,2016,11.7,211.8,red
Southern Interior,Trail Butler Park,Trail-Butler Park,so2,2017,11.4,257.9,red
Southern Interior,Trail Butler Park,Trail-Butler Park,so2,2018,6.2,243.4,red
Southern Interior,Trail Butler Park,Trail-Butler Park,so2,2019,7.5,210.6,red
Southern Interior,Trail Butler Park,Trail-Butler Park,so2,2020,5.9,178.5,red
Southern Interior,Trail Butler Park,Trail-Butler Park,so2,2021,5.4,174.6,red
Southern Interior,Trail Butler Park,Trail-Butler Park,so2,2022,4.5,167.2,red
Southern Interior,Trail Butler Park,Trail-Butler Park,so2,2023,3.7,131.3,red
Southern Interior,Trail Columbia Gardens Airport,Trail-Airport,so2,2013,5,111.8,red
Southern Interior,Trail Columbia Gardens Airport,Trail-Airport,so2,2014,5.5,113.1,red
Southern Interior,Trail Columbia Gardens Airport,Trail-Airport,so2,2015,4.6,86.9,red
Southern Interior,Trail Columbia Gardens Airport,Trail-Airport,so2,2016,4.9,85.2,red
Southern Interior,Trail Columbia Gardens Airport,Trail-Airport,so2,2017,5.4,88.6,red
Southern Interior,Trail Columbia Gardens Airport,Trail-Airport,so2,2018,3.7,87.1,red
Southern Interior,Trail Columbia Gardens Airport,Trail-Airport,so2,2019,3.2,72.3,red
Southern Interior,Trail Columbia Gardens Airport,Trail-Airport,so2,2020,2.7,59.8,orange
Southern Interior,Trail Columbia Gardens Airport,Trail-Airport,so2,2021,3,58,orange
Southern Interior,Trail Columbia Gardens Airport,Trail-Airport,so2,2022,2.3,52.4,orange
Southern Interior,Trail Columbia Gardens Airport,Trail-Airport,so2,2023,1.9,49.9,yellow
Southern Interior,Vernon Science Centre,Vernon,so2,2013,NA,3.1,green
Southern Interior,Vernon Science Centre,Vernon,so2,2014,NA,NA,NA
Southern Interior,Vernon Science Centre,Vernon,so2,2015,NA,NA,NA
Southern Interior,Vernon Science Centre,Vernon,so2,2016,NA,NA,NA
Southern Interior,Vernon Science Centre,Vernon,so2,2017,NA,NA,NA
Southern Interior,Vernon Science Centre,Vernon,so2,2018,NA,NA,NA
Southern Interior,Vernon Science Centre,Vernon,so2,2019,NA,NA,NA
Southern Interior,Vernon Science Centre,Vernon,so2,2020,NA,NA,NA
Southern Interior,Vernon Science Centre,Vernon,so2,2021,NA,NA,NA
Southern Interior,Vernon Science Centre,Vernon,so2,2022,NA,NA,NA
Southern Interior,Vernon Science Centre,Vernon,so2,2023,NA,NA,NA
Southern Interior,Warfield Haley Park,Warfield Haley Park,so2,2013,NA,NA,NA
Southern Interior,Warfield Haley Park,Warfield Haley Park,so2,2014,NA,NA,NA
Southern Interior,Warfield Haley Park,Warfield Haley Park,so2,2015,NA,NA,NA
Southern Interior,Warfield Haley Park,Warfield Haley Park,so2,2016,NA,NA,NA
Southern Interior,Warfield Haley Park,Warfield Haley Park,so2,2017,NA,NA,NA
Southern Interior,Warfield Haley Park,Warfield Haley Park,so2,2018,NA,NA,NA
Southern Interior,Warfield Haley Park,Warfield Haley Park,so2,2019,NA,NA,NA
Southern Interior,Warfield Haley Park,Warfield Haley Park,so2,2020,NA,NA,NA
Southern Interior,Warfield Haley Park,Warfield Haley Park,so2,2021,NA,NA,NA
Southern Interior,Warfield Haley Park,Warfield Haley Park,so2,2022,NA,NA,NA
Southern Interior,Warfield Haley Park,Warfield Haley Park,so2,2023,4.9,139.2,red
